Handle,Title,Body (HTML),Vendor,Product Category,Type,Tags,Published,Option1 Name,Option1 Value,Option2 Name,Option2 Value,Option3 Name,Option3 Value,Variant SKU,Variant Grams,Variant Inventory Tracker,Variant Inventory Qty,Variant Inventory Policy,Variant Fulfillment Service,Variant Price,Variant Compare At Price,Variant Requires Shipping,Variant Taxable,Variant Barcode,Image Src,Image Position,Image Alt Text,Gift Card,SEO Title,SEO Description,Google Shopping / Google Product Category,Google Shopping / Gender,Google Shopping / Age Group,Google Shopping / MPN,Google Shopping / AdWords Grouping,Google Shopping / AdWords Labels,Google Shopping / Condition,Google Shopping / Custom Product,Google Shopping / Custom Label 0,Google Shopping / Custom Label 1,Google Shopping / Custom Label 2,Google Shopping / Custom Label 3,Google Shopping / Custom Label 4,Variant Image,Variant Weight Unit,Variant Tax Code,Cost per item,Price / International,Compare At Price / International,Status
wireless-bluetooth-headphones,Wireless Bluetooth Headphones,"Premium wireless headphones with active noise cancellation, 30-hour battery life, and crystal-clear sound quality. Perfect for music lovers and professionals.",Lightning Shop,Electronics,Electronics,"electronics, premium, quality",TRUE,,,,,,,WBH-001,2000,shopify,50,deny,manual,89.99,129.99,TRUE,TRUE,,https://images.unsplash.com/photo-1505740420928-5e560c06d30e?w=800&h=600&fit=crop,1,Wireless Bluetooth Headphones - Image 1,FALSE,,"Premium wireless headphones with active noise cancellation, 30-hour battery life, and crystal-clear sound quality. Perfect for music lovers and professionals.",,,,,,,,,,,,,,,kg,,,,,active
smart-fitness-watch,Smart Fitness Watch,"Advanced fitness tracking with heart rate monitoring, GPS, sleep tracking, and 7-day battery life. Your perfect workout companion.",Lightning Shop,Electronics,Electronics,"electronics, premium, quality",TRUE,,,,,,,SFW-002,5000,shopify,75,deny,manual,129.99,179.99,TRUE,TRUE,,https://images.unsplash.com/photo-1551698618-1dfe5d97d256?w=800&h=600&fit=crop,1,Smart Fitness Watch - Image 1,FALSE,,"Advanced fitness tracking with heart rate monitoring, GPS, sleep tracking, and 7-day battery life. Your perfect workout companion.",,,,,,,,,,,,,,,kg,,,,,active
wireless-charging-pad,Wireless Charging Pad,Fast wireless charging pad compatible with all Qi-enabled devices. Sleek design with LED indicator and safety protection.,Lightning Shop,Electronics,Electronics,"electronics, premium, quality",TRUE,,,,,,,WCP-003,3000,shopify,100,deny,manual,29.99,49.99,TRUE,TRUE,,https://images.unsplash.com/photo-1523275335684-37898b6baf30?w=800&h=600&fit=crop,1,Wireless Charging Pad - Image 1,FALSE,,Fast wireless charging pad compatible with all Qi-enabled devices. Sleek design with LED indicator and safety protection.,,,,,,,,,,,,,,,kg,,,,,active
bluetooth-speaker,Bluetooth Speaker,"Portable Bluetooth speaker with 360-degree sound, waterproof design, and 12-hour battery life. Perfect for outdoor adventures.",Lightning Shop,Electronics,Electronics,"electronics, premium, quality",TRUE,,,,,,,BTS-004,2000,shopify,60,deny,manual,49.99,79.99,TRUE,TRUE,,https://images.unsplash.com/photo-1523275335684-37898b6baf30?w=800&h=600&fit=crop,1,Bluetooth Speaker - Image 1,FALSE,,"Portable Bluetooth speaker with 360-degree sound, waterproof design, and 12-hour battery life. Perfect for outdoor adventures.",,,,,,,,,,,,,,,kg,,,,,active
usb-c-hub,USB-C Hub,"Multi-port USB-C hub with HDMI, USB 3.0, SD card reader, and power delivery. Essential for modern laptops.",Lightning Shop,Electronics,Electronics,"electronics, premium, quality",TRUE,,,,,,,UCH-005,1000,shopify,80,deny,manual,39.99,59.99,TRUE,TRUE,,https://images.unsplash.com/photo-1551698618-1dfe5d97d256?w=800&h=600&fit=crop,1,USB-C Hub - Image 1,FALSE,,"Multi-port USB-C hub with HDMI, USB 3.0, SD card reader, and power delivery. Essential for modern laptops.",,,,,,,,,,,,,,,kg,,,,,active
gaming-mouse,Gaming Mouse,"High-precision gaming mouse with RGB lighting, programmable buttons, and 16000 DPI sensor. Built for competitive gaming.",Lightning Shop,Electronics,Electronics,"electronics, premium, quality",TRUE,,,,,,,GM-006,5000,shopify,45,deny,manual,69.99,99.99,TRUE,TRUE,,https://images.unsplash.com/photo-1551698618-1dfe5d97d256?w=800&h=600&fit=crop,1,Gaming Mouse - Image 1,FALSE,,"High-precision gaming mouse with RGB lighting, programmable buttons, and 16000 DPI sensor. Built for competitive gaming.",,,,,,,,,,,,,,,kg,,,,,active
mechanical-keyboard,Mechanical Keyboard,"Premium mechanical keyboard with Cherry MX switches, RGB backlighting, and aluminum frame. Perfect for typing and gaming.",Lightning Shop,Electronics,Electronics,"electronics, premium, quality",TRUE,,,,,,,MK-007,2000,shopify,35,deny,manual,89.99,129.99,TRUE,TRUE,,https://images.unsplash.com/photo-1505740420928-5e560c06d30e?w=800&h=600&fit=crop,1,Mechanical Keyboard - Image 1,FALSE,,"Premium mechanical keyboard with Cherry MX switches, RGB backlighting, and aluminum frame. Perfect for typing and gaming.",,,,,,,,,,,,,,,kg,,,,,active
webcam-hd,Webcam HD,"1080p HD webcam with auto-focus, built-in microphone, and privacy shutter. Ideal for video calls and streaming.",Lightning Shop,Electronics,Electronics,"electronics, premium, quality",TRUE,,,,,,,WH-008,4000,shopify,70,deny,manual,59.99,89.99,TRUE,TRUE,,https://images.unsplash.com/photo-1523275335684-37898b6baf30?w=800&h=600&fit=crop,1,Webcam HD - Image 1,FALSE,,"1080p HD webcam with auto-focus, built-in microphone, and privacy shutter. Ideal for video calls and streaming.",,,,,,,,,,,,,,,kg,,,,,active
power-bank-20000mah,Power Bank 20000mAh,"High-capacity power bank with fast charging, multiple ports, and LED display. Keep your devices powered all day.",Lightning Shop,Electronics,Electronics,"electronics, premium, quality",TRUE,,,,,,,PB-009,5000,shopify,90,deny,manual,39.99,59.99,TRUE,TRUE,,https://images.unsplash.com/photo-1572569511254-d8f925fe2cbb?w=800&h=600&fit=crop,1,Power Bank 20000mAh - Image 1,FALSE,,"High-capacity power bank with fast charging, multiple ports, and LED display. Keep your devices powered all day.",,,,,,,,,,,,,,,kg,,,,,active
tablet-stand,Tablet Stand,"Adjustable tablet stand with multiple viewing angles, foldable design, and anti-slip base. Perfect for work and entertainment.",Lightning Shop,Electronics,Electronics,"electronics, premium, quality",TRUE,,,,,,,TS-010,4000,shopify,120,deny,manual,19.99,29.99,TRUE,TRUE,,https://images.unsplash.com/photo-1523275335684-37898b6baf30?w=800&h=600&fit=crop,1,Tablet Stand - Image 1,FALSE,,"Adjustable tablet stand with multiple viewing angles, foldable design, and anti-slip base. Perfect for work and entertainment.",,,,,,,,,,,,,,,kg,,,,,active
classic-denim-jacket,Classic Denim Jacket,Timeless denim jacket made from premium cotton denim. Classic fit with vintage wash and modern styling details.,Lightning Shop,Fashion,Fashion,"fashion, premium, quality",TRUE,,,,,,,CDJ-011,4000,shopify,40,deny,manual,79.99,119.99,TRUE,TRUE,,https://images.unsplash.com/photo-1469334031218-e382a71b716b?w=800&h=600&fit=crop,1,Classic Denim Jacket - Image 1,FALSE,,Timeless denim jacket made from premium cotton denim. Classic fit with vintage wash and modern styling details.,,,,,,,,,,,,,,,kg,,,,,active
luxury-cashmere-scarf,Luxury Cashmere Scarf,100% pure cashmere scarf with soft texture and elegant design. Perfect for adding sophistication to any outfit.,Lightning Shop,Fashion,Fashion,"fashion, premium, quality",TRUE,,,,,,,LCS-012,4000,shopify,25,deny,manual,129.99,199.99,TRUE,TRUE,,https://images.unsplash.com/photo-1469334031218-e382a71b716b?w=800&h=600&fit=crop,1,Luxury Cashmere Scarf - Image 1,FALSE,,100% pure cashmere scarf with soft texture and elegant design. Perfect for adding sophistication to any outfit.,,,,,,,,,,,,,,,kg,,,,,active
leather-crossbody-bag,Leather Crossbody Bag,"Genuine leather crossbody bag with adjustable strap, multiple compartments, and timeless design. Handcrafted for durability.",Lightning Shop,Fashion,Fashion,"fashion, premium, quality",TRUE,,,,,,,LCB-013,4000,shopify,30,deny,manual,99.99,149.99,TRUE,TRUE,,https://images.unsplash.com/photo-1441986300917-64674bd600d8?w=800&h=600&fit=crop,1,Leather Crossbody Bag - Image 1,FALSE,,"Genuine leather crossbody bag with adjustable strap, multiple compartments, and timeless design. Handcrafted for durability.",,,,,,,,,,,,,,,kg,,,,,active
silk-blouse,Silk Blouse,Elegant silk blouse with flowing silhouette and delicate details. Perfect for professional and special occasions.,Lightning Shop,Fashion,Fashion,"fashion, premium, quality",TRUE,,,,,,,SB-014,5000,shopify,50,deny,manual,69.99,99.99,TRUE,TRUE,,https://images.unsplash.com/photo-1558769132-cb1aea458c5e?w=800&h=600&fit=crop,1,Silk Blouse - Image 1,FALSE,,Elegant silk blouse with flowing silhouette and delicate details. Perfect for professional and special occasions.,,,,,,,,,,,,,,,kg,,,,,active
designer-sunglasses,Designer Sunglasses,"Premium designer sunglasses with UV400 protection, polarized lenses, and luxury case. Style meets functionality.",Lightning Shop,Fashion,Fashion,"fashion, premium, quality",TRUE,,,,,,,DS-015,4000,shopify,20,deny,manual,149.99,229.99,TRUE,TRUE,,https://images.unsplash.com/photo-1441986300917-64674bd600d8?w=800&h=600&fit=crop,1,Designer Sunglasses - Image 1,FALSE,,"Premium designer sunglasses with UV400 protection, polarized lenses, and luxury case. Style meets functionality.",,,,,,,,,,,,,,,kg,,,,,active
wool-blend-coat,Wool Blend Coat,Warm wool blend coat with classic tailoring and modern fit. Perfect for cold weather with timeless style.,Lightning Shop,Fashion,Fashion,"fashion, premium, quality",TRUE,,,,,,,WBC-016,1000,shopify,15,deny,manual,179.99,249.99,TRUE,TRUE,,https://images.unsplash.com/photo-1441986300917-64674bd600d8?w=800&h=600&fit=crop,1,Wool Blend Coat - Image 1,FALSE,,Warm wool blend coat with classic tailoring and modern fit. Perfect for cold weather with timeless style.,,,,,,,,,,,,,,,kg,,,,,active
canvas-sneakers,Canvas Sneakers,Comfortable canvas sneakers with rubber sole and classic design. Perfect for casual wear and everyday comfort.,Lightning Shop,Fashion,Fashion,"fashion, premium, quality",TRUE,,,,,,,CS-017,3000,shopify,80,deny,manual,49.99,79.99,TRUE,TRUE,,https://images.unsplash.com/photo-1515372039744-b8f02a3ae446?w=800&h=600&fit=crop,1,Canvas Sneakers - Image 1,FALSE,,Comfortable canvas sneakers with rubber sole and classic design. Perfect for casual wear and everyday comfort.,,,,,,,,,,,,,,,kg,,,,,active
leather-belt,Leather Belt,Genuine leather belt with classic buckle and adjustable sizing. Essential accessory for any wardrobe.,Lightning Shop,Fashion,Fashion,"fashion, premium, quality",TRUE,,,,,,,LB-018,1000,shopify,60,deny,manual,29.99,49.99,TRUE,TRUE,,https://images.unsplash.com/photo-1469334031218-e382a71b716b?w=800&h=600&fit=crop,1,Leather Belt - Image 1,FALSE,,Genuine leather belt with classic buckle and adjustable sizing. Essential accessory for any wardrobe.,,,,,,,,,,,,,,,kg,,,,,active
knit-beanie,Knit Beanie,Soft knit beanie with ribbed design and comfortable fit. Perfect for keeping warm in style.,Lightning Shop,Fashion,Fashion,"fashion, premium, quality",TRUE,,,,,,,KB-019,5000,shopify,100,deny,manual,19.99,29.99,TRUE,TRUE,,https://images.unsplash.com/photo-1558769132-cb1aea458c5e?w=800&h=600&fit=crop,1,Knit Beanie - Image 1,FALSE,,Soft knit beanie with ribbed design and comfortable fit. Perfect for keeping warm in style.,,,,,,,,,,,,,,,kg,,,,,active
silk-tie,Silk Tie,Premium silk tie with classic pattern and perfect length. Essential for formal occasions and business attire.,Lightning Shop,Fashion,Fashion,"fashion, premium, quality",TRUE,,,,,,,ST-020,4000,shopify,45,deny,manual,39.99,59.99,TRUE,TRUE,,https://images.unsplash.com/photo-1558769132-cb1aea458c5e?w=800&h=600&fit=crop,1,Silk Tie - Image 1,FALSE,,Premium silk tie with classic pattern and perfect length. Essential for formal occasions and business attire.,,,,,,,,,,,,,,,kg,,,,,active
ceramic-coffee-mug-set,Ceramic Coffee Mug Set,Handcrafted ceramic coffee mug set with unique glazes and comfortable handles. Perfect for morning coffee rituals.,Lightning Shop,Home & Living,Home & Living,"home & living, premium, quality",TRUE,,,,,,,CCM-021,1000,shopify,75,deny,manual,29.99,49.99,TRUE,TRUE,,https://images.unsplash.com/photo-1555041469-a586c61ea9bc?w=800&h=600&fit=crop,1,Ceramic Coffee Mug Set - Image 1,FALSE,,Handcrafted ceramic coffee mug set with unique glazes and comfortable handles. Perfect for morning coffee rituals.,,,,,,,,,,,,,,,kg,,,,,active
bamboo-cutting-board,Bamboo Cutting Board,Eco-friendly bamboo cutting board with juice groove and antimicrobial properties. Sustainable and durable kitchen essential.,Lightning Shop,Home & Living,Home & Living,"home & living, premium, quality",TRUE,,,,,,,BCB-022,1000,shopify,50,deny,manual,39.99,59.99,TRUE,TRUE,,https://images.unsplash.com/photo-1586023492125-27b2c045efd7?w=800&h=600&fit=crop,1,Bamboo Cutting Board - Image 1,FALSE,,Eco-friendly bamboo cutting board with juice groove and antimicrobial properties. Sustainable and durable kitchen essential.,,,,,,,,,,,,,,,kg,,,,,active
led-desk-lamp,LED Desk Lamp,"Adjustable LED desk lamp with multiple brightness levels, USB charging port, and modern minimalist design.",Lightning Shop,Home & Living,Home & Living,"home & living, premium, quality",TRUE,,,,,,,LDL-023,4000,shopify,40,deny,manual,49.99,79.99,TRUE,TRUE,,https://images.unsplash.com/photo-1586023492125-27b2c045efd7?w=800&h=600&fit=crop,1,LED Desk Lamp - Image 1,FALSE,,"Adjustable LED desk lamp with multiple brightness levels, USB charging port, and modern minimalist design.",,,,,,,,,,,,,,,kg,,,,,active
throw-pillow-set,Throw Pillow Set,Decorative throw pillow set with soft covers and comfortable filling. Add style and comfort to any space.,Lightning Shop,Home & Living,Home & Living,"home & living, premium, quality",TRUE,,,,,,,TPS-024,5000,shopify,60,deny,manual,19.99,29.99,TRUE,TRUE,,https://images.unsplash.com/photo-1586023492125-27b2c045efd7?w=800&h=600&fit=crop,1,Throw Pillow Set - Image 1,FALSE,,Decorative throw pillow set with soft covers and comfortable filling. Add style and comfort to any space.,,,,,,,,,,,,,,,kg,,,,,active
plant-pot-set,Plant Pot Set,Modern plant pot set with drainage holes and saucers. Perfect for indoor plants and home gardening.,Lightning Shop,Home & Living,Home & Living,"home & living, premium, quality",TRUE,,,,,,,PPS-025,4000,shopify,80,deny,manual,24.99,39.99,TRUE,TRUE,,https://images.unsplash.com/photo-1586023492125-27b2c045efd7?w=800&h=600&fit=crop,1,Plant Pot Set - Image 1,FALSE,,Modern plant pot set with drainage holes and saucers. Perfect for indoor plants and home gardening.,,,,,,,,,,,,,,,kg,,,,,active
candles-gift-set,Candles Gift Set,Luxury scented candles gift set with natural soy wax and premium fragrances. Create a cozy atmosphere.,Lightning Shop,Home & Living,Home & Living,"home & living, premium, quality",TRUE,,,,,,,CGS-026,5000,shopify,35,deny,manual,39.99,59.99,TRUE,TRUE,,https://images.unsplash.com/photo-1586023492125-27b2c045efd7?w=800&h=600&fit=crop,1,Candles Gift Set - Image 1,FALSE,,Luxury scented candles gift set with natural soy wax and premium fragrances. Create a cozy atmosphere.,,,,,,,,,,,,,,,kg,,,,,active
wall-art-print,Wall Art Print,High-quality wall art print with vibrant colors and professional printing. Transform any room with beautiful artwork.,Lightning Shop,Home & Living,Home & Living,"home & living, premium, quality",TRUE,,,,,,,WAP-027,5000,shopify,90,deny,manual,19.99,29.99,TRUE,TRUE,,https://images.unsplash.com/photo-1586023492125-27b2c045efd7?w=800&h=600&fit=crop,1,Wall Art Print - Image 1,FALSE,,High-quality wall art print with vibrant colors and professional printing. Transform any room with beautiful artwork.,,,,,,,,,,,,,,,kg,,,,,active
storage-baskets,Storage Baskets,Woven storage baskets with natural materials and various sizes. Organize your space with style and functionality.,Lightning Shop,Home & Living,Home & Living,"home & living, premium, quality",TRUE,,,,,,,SB-028,2000,shopify,100,deny,manual,14.99,24.99,TRUE,TRUE,,https://images.unsplash.com/photo-1555041469-a586c61ea9bc?w=800&h=600&fit=crop,1,Storage Baskets - Image 1,FALSE,,Woven storage baskets with natural materials and various sizes. Organize your space with style and functionality.,,,,,,,,,,,,,,,kg,,,,,active
kitchen-knife-set,Kitchen Knife Set,Professional kitchen knife set with stainless steel blades and ergonomic handles. Essential for every home chef.,Lightning Shop,Home & Living,Home & Living,"home & living, premium, quality",TRUE,,,,,,,KKS-029,1000,shopify,25,deny,manual,69.99,99.99,TRUE,TRUE,,https://images.unsplash.com/photo-1586023492125-27b2c045efd7?w=800&h=600&fit=crop,1,Kitchen Knife Set - Image 1,FALSE,,Professional kitchen knife set with stainless steel blades and ergonomic handles. Essential for every home chef.,,,,,,,,,,,,,,,kg,,,,,active
bedding-set,Bedding Set,"Luxury bedding set with 100% cotton sheets, pillowcases, and duvet cover. Comfortable sleep guaranteed.",Lightning Shop,Home & Living,Home & Living,"home & living, premium, quality",TRUE,,,,,,,BS-030,5000,shopify,30,deny,manual,89.99,129.99,TRUE,TRUE,,https://images.unsplash.com/photo-1586023492125-27b2c045efd7?w=800&h=600&fit=crop,1,Bedding Set - Image 1,FALSE,,"Luxury bedding set with 100% cotton sheets, pillowcases, and duvet cover. Comfortable sleep guaranteed.",,,,,,,,,,,,,,,kg,,,,,active
yoga-mat-premium,Yoga Mat Premium,"Non-slip yoga mat with extra cushioning and carrying strap. Perfect for yoga, pilates, and fitness routines.",Lightning Shop,Sports & Fitness,Sports & Fitness,"sports & fitness, premium, quality",TRUE,,,,,,,YMP-031,5000,shopify,60,deny,manual,39.99,59.99,TRUE,TRUE,,https://images.unsplash.com/photo-1571019613454-1cb2f99b2d8b?w=800&h=600&fit=crop,1,Yoga Mat Premium - Image 1,FALSE,,"Non-slip yoga mat with extra cushioning and carrying strap. Perfect for yoga, pilates, and fitness routines.",,,,,,,,,,,,,,,kg,,,,,active
resistance-bands-set,Resistance Bands Set,Complete resistance bands set with different resistance levels and exercise guide. Home gym essential.,Lightning Shop,Sports & Fitness,Sports & Fitness,"sports & fitness, premium, quality",TRUE,,,,,,,RBS-032,1000,shopify,80,deny,manual,19.99,29.99,TRUE,TRUE,,https://images.unsplash.com/photo-1571019613454-1cb2f99b2d8b?w=800&h=600&fit=crop,1,Resistance Bands Set - Image 1,FALSE,,Complete resistance bands set with different resistance levels and exercise guide. Home gym essential.,,,,,,,,,,,,,,,kg,,,,,active
water-bottle-insulated,Water Bottle Insulated,Insulated water bottle that keeps drinks cold for 24 hours. Perfect for workouts and outdoor activities.,Lightning Shop,Sports & Fitness,Sports & Fitness,"sports & fitness, premium, quality",TRUE,,,,,,,WBI-033,4000,shopify,100,deny,manual,24.99,39.99,TRUE,TRUE,,https://images.unsplash.com/photo-1571019613454-1cb2f99b2d8b?w=800&h=600&fit=crop,1,Water Bottle Insulated - Image 1,FALSE,,Insulated water bottle that keeps drinks cold for 24 hours. Perfect for workouts and outdoor activities.,,,,,,,,,,,,,,,kg,,,,,active
running-shoes,Running Shoes,Lightweight running shoes with responsive cushioning and breathable upper. Designed for comfort and performance.,Lightning Shop,Sports & Fitness,Sports & Fitness,"sports & fitness, premium, quality",TRUE,,,,,,,RS-034,2000,shopify,45,deny,manual,79.99,119.99,TRUE,TRUE,,https://images.unsplash.com/photo-1571019613454-1cb2f99b2d8b?w=800&h=600&fit=crop,1,Running Shoes - Image 1,FALSE,,Lightweight running shoes with responsive cushioning and breathable upper. Designed for comfort and performance.,,,,,,,,,,,,,,,kg,,,,,active
dumbbell-set,Dumbbell Set,Adjustable dumbbell set with multiple weight options and compact design. Complete home gym solution.,Lightning Shop,Sports & Fitness,Sports & Fitness,"sports & fitness, premium, quality",TRUE,,,,,,,DS-035,5000,shopify,20,deny,manual,59.99,89.99,TRUE,TRUE,,https://images.unsplash.com/photo-1571019613454-1cb2f99b2d8b?w=800&h=600&fit=crop,1,Dumbbell Set - Image 1,FALSE,,Adjustable dumbbell set with multiple weight options and compact design. Complete home gym solution.,,,,,,,,,,,,,,,kg,,,,,active
jump-rope,Jump Rope,Professional jump rope with adjustable length and smooth bearings. Great for cardio and coordination.,Lightning Shop,Sports & Fitness,Sports & Fitness,"sports & fitness, premium, quality",TRUE,,,,,,,JR-036,5000,shopify,120,deny,manual,9.99,19.99,TRUE,TRUE,,https://images.unsplash.com/photo-1571019613454-1cb2f99b2d8b?w=800&h=600&fit=crop,1,Jump Rope - Image 1,FALSE,,Professional jump rope with adjustable length and smooth bearings. Great for cardio and coordination.,,,,,,,,,,,,,,,kg,,,,,active
foam-roller,Foam Roller,High-density foam roller for muscle recovery and flexibility. Essential for post-workout recovery.,Lightning Shop,Sports & Fitness,Sports & Fitness,"sports & fitness, premium, quality",TRUE,,,,,,,FR-037,2000,shopify,40,deny,manual,29.99,49.99,TRUE,TRUE,,https://images.unsplash.com/photo-1571019613454-1cb2f99b2d8b?w=800&h=600&fit=crop,1,Foam Roller - Image 1,FALSE,,High-density foam roller for muscle recovery and flexibility. Essential for post-workout recovery.,,,,,,,,,,,,,,,kg,,,,,active
gym-towel,Gym Towel,Quick-dry gym towel with antimicrobial properties and compact size. Perfect for intense workouts.,Lightning Shop,Sports & Fitness,Sports & Fitness,"sports & fitness, premium, quality",TRUE,,,,,,,GT-038,3000,shopify,150,deny,manual,14.99,24.99,TRUE,TRUE,,https://images.unsplash.com/photo-1571019613454-1cb2f99b2d8b?w=800&h=600&fit=crop,1,Gym Towel - Image 1,FALSE,,Quick-dry gym towel with antimicrobial properties and compact size. Perfect for intense workouts.,,,,,,,,,,,,,,,kg,,,,,active
protein-shaker,Protein Shaker,BPA-free protein shaker with mixing ball and leak-proof lid. Essential for post-workout nutrition.,Lightning Shop,Sports & Fitness,Sports & Fitness,"sports & fitness, premium, quality",TRUE,,,,,,,PS-039,2000,shopify,70,deny,manual,19.99,29.99,TRUE,TRUE,,https://images.unsplash.com/photo-1571019613454-1cb2f99b2d8b?w=800&h=600&fit=crop,1,Protein Shaker - Image 1,FALSE,,BPA-free protein shaker with mixing ball and leak-proof lid. Essential for post-workout nutrition.,,,,,,,,,,,,,,,kg,,,,,active
exercise-ball,Exercise Ball,Anti-burst exercise ball with pump included. Perfect for core workouts and balance training.,Lightning Shop,Sports & Fitness,Sports & Fitness,"sports & fitness, premium, quality",TRUE,,,,,,,EB-040,3000,shopify,35,deny,manual,24.99,39.99,TRUE,TRUE,,https://images.unsplash.com/photo-1571019613454-1cb2f99b2d8b?w=800&h=600&fit=crop,1,Exercise Ball - Image 1,FALSE,,Anti-burst exercise ball with pump included. Perfect for core workouts and balance training.,,,,,,,,,,,,,,,kg,,,,,active
skincare-set,Skincare Set,"Complete skincare set with cleanser, moisturizer, and serum. Natural ingredients for healthy, glowing skin.",Lightning Shop,Beauty & Personal Care,Beauty & Personal Care,"beauty & personal care, premium, quality",TRUE,,,,,,,SS-041,5000,shopify,50,deny,manual,69.99,99.99,TRUE,TRUE,,https://images.unsplash.com/photo-1596462502278-27bfdc403348?w=800&h=600&fit=crop,1,Skincare Set - Image 1,FALSE,,"Complete skincare set with cleanser, moisturizer, and serum. Natural ingredients for healthy, glowing skin.",,,,,,,,,,,,,,,kg,,,,,active
hair-dryer-professional,Hair Dryer Professional,Professional hair dryer with ionic technology and multiple heat settings. Salon-quality results at home.,Lightning Shop,Beauty & Personal Care,Beauty & Personal Care,"beauty & personal care, premium, quality",TRUE,,,,,,,HDP-042,2000,shopify,30,deny,manual,59.99,89.99,TRUE,TRUE,,https://images.unsplash.com/photo-1596462502278-27bfdc403348?w=800&h=600&fit=crop,1,Hair Dryer Professional - Image 1,FALSE,,Professional hair dryer with ionic technology and multiple heat settings. Salon-quality results at home.,,,,,,,,,,,,,,,kg,,,,,active
makeup-brush-set,Makeup Brush Set,Professional makeup brush set with soft synthetic bristles and ergonomic handles. Perfect for flawless application.,Lightning Shop,Beauty & Personal Care,Beauty & Personal Care,"beauty & personal care, premium, quality",TRUE,,,,,,,MBS-043,1000,shopify,60,deny,manual,39.99,59.99,TRUE,TRUE,,https://images.unsplash.com/photo-1596462502278-27bfdc403348?w=800&h=600&fit=crop,1,Makeup Brush Set - Image 1,FALSE,,Professional makeup brush set with soft synthetic bristles and ergonomic handles. Perfect for flawless application.,,,,,,,,,,,,,,,kg,,,,,active
essential-oils-kit,Essential Oils Kit,Pure essential oils kit with 6 popular scents and diffuser. Natural aromatherapy for relaxation and wellness.,Lightning Shop,Beauty & Personal Care,Beauty & Personal Care,"beauty & personal care, premium, quality",TRUE,,,,,,,EOK-044,3000,shopify,40,deny,manual,49.99,79.99,TRUE,TRUE,,https://images.unsplash.com/photo-1596462502278-27bfdc403348?w=800&h=600&fit=crop,1,Essential Oils Kit - Image 1,FALSE,,Pure essential oils kit with 6 popular scents and diffuser. Natural aromatherapy for relaxation and wellness.,,,,,,,,,,,,,,,kg,,,,,active
bath-bomb-collection,Bath Bomb Collection,Luxury bath bomb collection with natural ingredients and beautiful colors. Transform bath time into spa experience.,Lightning Shop,Beauty & Personal Care,Beauty & Personal Care,"beauty & personal care, premium, quality",TRUE,,,,,,,BBC-045,3000,shopify,80,deny,manual,29.99,49.99,TRUE,TRUE,,https://images.unsplash.com/photo-1596462502278-27bfdc403348?w=800&h=600&fit=crop,1,Bath Bomb Collection - Image 1,FALSE,,Luxury bath bomb collection with natural ingredients and beautiful colors. Transform bath time into spa experience.,,,,,,,,,,,,,,,kg,,,,,active
face-mask-set,Face Mask Set,Sheet face mask set with different skin benefits and natural ingredients. Pamper your skin weekly.,Lightning Shop,Beauty & Personal Care,Beauty & Personal Care,"beauty & personal care, premium, quality",TRUE,,,,,,,FMS-046,1000,shopify,70,deny,manual,24.99,39.99,TRUE,TRUE,,https://images.unsplash.com/photo-1596462502278-27bfdc403348?w=800&h=600&fit=crop,1,Face Mask Set - Image 1,FALSE,,Sheet face mask set with different skin benefits and natural ingredients. Pamper your skin weekly.,,,,,,,,,,,,,,,kg,,,,,active
perfume-gift-set,Perfume Gift Set,Luxury perfume gift set with 3 travel-sized fragrances. Discover your signature scent.,Lightning Shop,Beauty & Personal Care,Beauty & Personal Care,"beauty & personal care, premium, quality",TRUE,,,,,,,PGS-047,5000,shopify,25,deny,manual,89.99,129.99,TRUE,TRUE,,https://images.unsplash.com/photo-1596462502278-27bfdc403348?w=800&h=600&fit=crop,1,Perfume Gift Set - Image 1,FALSE,,Luxury perfume gift set with 3 travel-sized fragrances. Discover your signature scent.,,,,,,,,,,,,,,,kg,,,,,active
nail-care-kit,Nail Care Kit,"Complete nail care kit with tools, polishes, and accessories. Professional manicure at home.",Lightning Shop,Beauty & Personal Care,Beauty & Personal Care,"beauty & personal care, premium, quality",TRUE,,,,,,,NCK-048,5000,shopify,90,deny,manual,19.99,29.99,TRUE,TRUE,,https://images.unsplash.com/photo-1596462502278-27bfdc403348?w=800&h=600&fit=crop,1,Nail Care Kit - Image 1,FALSE,,"Complete nail care kit with tools, polishes, and accessories. Professional manicure at home.",,,,,,,,,,,,,,,kg,,,,,active
body-lotion-set,Body Lotion Set,Nourishing body lotion set with different scents and natural ingredients. Keep skin soft and hydrated.,Lightning Shop,Beauty & Personal Care,Beauty & Personal Care,"beauty & personal care, premium, quality",TRUE,,,,,,,BLS-049,2000,shopify,55,deny,manual,34.99,49.99,TRUE,TRUE,,https://images.unsplash.com/photo-1596462502278-27bfdc403348?w=800&h=600&fit=crop,1,Body Lotion Set - Image 1,FALSE,,Nourishing body lotion set with different scents and natural ingredients. Keep skin soft and hydrated.,,,,,,,,,,,,,,,kg,,,,,active
hair-care-bundle,Hair Care Bundle,"Complete hair care bundle with shampoo, conditioner, and treatment. Professional hair care routine.",Lightning Shop,Beauty & Personal Care,Beauty & Personal Care,"beauty & personal care, premium, quality",TRUE,,,,,,,HCB-050,4000,shopify,35,deny,manual,59.99,89.99,TRUE,TRUE,,https://images.unsplash.com/photo-1596462502278-27bfdc403348?w=800&h=600&fit=crop,1,Hair Care Bundle - Image 1,FALSE,,"Complete hair care bundle with shampoo, conditioner, and treatment. Professional hair care routine.",,,,,,,,,,,,,,,kg,,,,,active
wireless-bluetooth-headphones,,,,,,,,,,,,,,,,,,,,,,,,,https://images.unsplash.com/photo-1572569511254-d8f925fe2cbb?w=800&h=600&fit=crop,2,Wireless Bluetooth Headphones - Image 2,,,,,,,,,,,,,,,,,,,,,,,
wireless-bluetooth-headphones,,,,,,,,,,,,,,,,,,,,,,,,,https://images.unsplash.com/photo-1551698618-1dfe5d97d256?w=800&h=600&fit=crop,3,Wireless Bluetooth Headphones - Image 3,,,,,,,,,,,,,,,,,,,,,,,
smart-fitness-watch,,,,,,,,,,,,,,,,,,,,,,,,,https://images.unsplash.com/photo-1572569511254-d8f925fe2cbb?w=800&h=600&fit=crop,2,Smart Fitness Watch - Image 2,,,,,,,,,,,,,,,,,,,,,,,
smart-fitness-watch,,,,,,,,,,,,,,,,,,,,,,,,,https://images.unsplash.com/photo-1523275335684-37898b6baf30?w=800&h=600&fit=crop,3,Smart Fitness Watch - Image 3,,,,,,,,,,,,,,,,,,,,,,,
wireless-charging-pad,,,,,,,,,,,,,,,,,,,,,,,,,https://images.unsplash.com/photo-1542291026-7eec264c27ff?w=800&h=600&fit=crop,2,Wireless Charging Pad - Image 2,,,,,,,,,,,,,,,,,,,,,,,
wireless-charging-pad,,,,,,,,,,,,,,,,,,,,,,,,,https://images.unsplash.com/photo-1551698618-1dfe5d97d256?w=800&h=600&fit=crop,3,Wireless Charging Pad - Image 3,,,,,,,,,,,,,,,,,,,,,,,
bluetooth-speaker,,,,,,,,,,,,,,,,,,,,,,,,,https://images.unsplash.com/photo-1505740420928-5e560c06d30e?w=800&h=600&fit=crop,2,Bluetooth Speaker - Image 2,,,,,,,,,,,,,,,,,,,,,,,
bluetooth-speaker,,,,,,,,,,,,,,,,,,,,,,,,,https://images.unsplash.com/photo-1572569511254-d8f925fe2cbb?w=800&h=600&fit=crop,3,Bluetooth Speaker - Image 3,,,,,,,,,,,,,,,,,,,,,,,
usb-c-hub,,,,,,,,,,,,,,,,,,,,,,,,,https://images.unsplash.com/photo-1572569511254-d8f925fe2cbb?w=800&h=600&fit=crop,2,USB-C Hub - Image 2,,,,,,,,,,,,,,,,,,,,,,,
usb-c-hub,,,,,,,,,,,,,,,,,,,,,,,,,https://images.unsplash.com/photo-1523275335684-37898b6baf30?w=800&h=600&fit=crop,3,USB-C Hub - Image 3,,,,,,,,,,,,,,,,,,,,,,,
gaming-mouse,,,,,,,,,,,,,,,,,,,,,,,,,https://images.unsplash.com/photo-1505740420928-5e560c06d30e?w=800&h=600&fit=crop,2,Gaming Mouse - Image 2,,,,,,,,,,,,,,,,,,,,,,,
gaming-mouse,,,,,,,,,,,,,,,,,,,,,,,,,https://images.unsplash.com/photo-1572569511254-d8f925fe2cbb?w=800&h=600&fit=crop,3,Gaming Mouse - Image 3,,,,,,,,,,,,,,,,,,,,,,,
mechanical-keyboard,,,,,,,,,,,,,,,,,,,,,,,,,https://images.unsplash.com/photo-1572569511254-d8f925fe2cbb?w=800&h=600&fit=crop,2,Mechanical Keyboard - Image 2,,,,,,,,,,,,,,,,,,,,,,,
mechanical-keyboard,,,,,,,,,,,,,,,,,,,,,,,,,https://images.unsplash.com/photo-1542291026-7eec264c27ff?w=800&h=600&fit=crop,3,Mechanical Keyboard - Image 3,,,,,,,,,,,,,,,,,,,,,,,
webcam-hd,,,,,,,,,,,,,,,,,,,,,,,,,https://images.unsplash.com/photo-1505740420928-5e560c06d30e?w=800&h=600&fit=crop,2,Webcam HD - Image 2,,,,,,,,,,,,,,,,,,,,,,,
webcam-hd,,,,,,,,,,,,,,,,,,,,,,,,,https://images.unsplash.com/photo-1542291026-7eec264c27ff?w=800&h=600&fit=crop,3,Webcam HD - Image 3,,,,,,,,,,,,,,,,,,,,,,,
power-bank-20000mah,,,,,,,,,,,,,,,,,,,,,,,,,https://images.unsplash.com/photo-1551698618-1dfe5d97d256?w=800&h=600&fit=crop,2,Power Bank 20000mAh - Image 2,,,,,,,,,,,,,,,,,,,,,,,
power-bank-20000mah,,,,,,,,,,,,,,,,,,,,,,,,,https://images.unsplash.com/photo-1542291026-7eec264c27ff?w=800&h=600&fit=crop,3,Power Bank 20000mAh - Image 3,,,,,,,,,,,,,,,,,,,,,,,
tablet-stand,,,,,,,,,,,,,,,,,,,,,,,,,https://images.unsplash.com/photo-1551698618-1dfe5d97d256?w=800&h=600&fit=crop,2,Tablet Stand - Image 2,,,,,,,,,,,,,,,,,,,,,,,
tablet-stand,,,,,,,,,,,,,,,,,,,,,,,,,https://images.unsplash.com/photo-1505740420928-5e560c06d30e?w=800&h=600&fit=crop,3,Tablet Stand - Image 3,,,,,,,,,,,,,,,,,,,,,,,
classic-denim-jacket,,,,,,,,,,,,,,,,,,,,,,,,,https://images.unsplash.com/photo-1558769132-cb1aea458c5e?w=800&h=600&fit=crop,2,Classic Denim Jacket - Image 2,,,,,,,,,,,,,,,,,,,,,,,
classic-denim-jacket,,,,,,,,,,,,,,,,,,,,,,,,,https://images.unsplash.com/photo-1441986300917-64674bd600d8?w=800&h=600&fit=crop,3,Classic Denim Jacket - Image 3,,,,,,,,,,,,,,,,,,,,,,,
luxury-cashmere-scarf,,,,,,,,,,,,,,,,,,,,,,,,,https://images.unsplash.com/photo-1558769132-cb1aea458c5e?w=800&h=600&fit=crop,2,Luxury Cashmere Scarf - Image 2,,,,,,,,,,,,,,,,,,,,,,,
luxury-cashmere-scarf,,,,,,,,,,,,,,,,,,,,,,,,,https://images.unsplash.com/photo-1515372039744-b8f02a3ae446?w=800&h=600&fit=crop,3,Luxury Cashmere Scarf - Image 3,,,,,,,,,,,,,,,,,,,,,,,
leather-crossbody-bag,,,,,,,,,,,,,,,,,,,,,,,,,https://images.unsplash.com/photo-1469334031218-e382a71b716b?w=800&h=600&fit=crop,2,Leather Crossbody Bag - Image 2,,,,,,,,,,,,,,,,,,,,,,,
leather-crossbody-bag,,,,,,,,,,,,,,,,,,,,,,,,,https://images.unsplash.com/photo-1515372039744-b8f02a3ae446?w=800&h=600&fit=crop,3,Leather Crossbody Bag - Image 3,,,,,,,,,,,,,,,,,,,,,,,
silk-blouse,,,,,,,,,,,,,,,,,,,,,,,,,https://images.unsplash.com/photo-1515372039744-b8f02a3ae446?w=800&h=600&fit=crop,2,Silk Blouse - Image 2,,,,,,,,,,,,,,,,,,,,,,,
silk-blouse,,,,,,,,,,,,,,,,,,,,,,,,,https://images.unsplash.com/photo-1469334031218-e382a71b716b?w=800&h=600&fit=crop,3,Silk Blouse - Image 3,,,,,,,,,,,,,,,,,,,,,,,
designer-sunglasses,,,,,,,,,,,,,,,,,,,,,,,,,https://images.unsplash.com/photo-1558769132-cb1aea458c5e?w=800&h=600&fit=crop,2,Designer Sunglasses - Image 2,,,,,,,,,,,,,,,,,,,,,,,
designer-sunglasses,,,,,,,,,,,,,,,,,,,,,,,,,https://images.unsplash.com/photo-1551028719-00167b16eac5?w=800&h=600&fit=crop,3,Designer Sunglasses - Image 3,,,,,,,,,,,,,,,,,,,,,,,
wool-blend-coat,,,,,,,,,,,,,,,,,,,,,,,,,https://images.unsplash.com/photo-1469334031218-e382a71b716b?w=800&h=600&fit=crop,2,Wool Blend Coat - Image 2,,,,,,,,,,,,,,,,,,,,,,,
wool-blend-coat,,,,,,,,,,,,,,,,,,,,,,,,,https://images.unsplash.com/photo-1515372039744-b8f02a3ae446?w=800&h=600&fit=crop,3,Wool Blend Coat - Image 3,,,,,,,,,,,,,,,,,,,,,,,
canvas-sneakers,,,,,,,,,,,,,,,,,,,,,,,,,https://images.unsplash.com/photo-1469334031218-e382a71b716b?w=800&h=600&fit=crop,2,Canvas Sneakers - Image 2,,,,,,,,,,,,,,,,,,,,,,,
canvas-sneakers,,,,,,,,,,,,,,,,,,,,,,,,,https://images.unsplash.com/photo-1551028719-00167b16eac5?w=800&h=600&fit=crop,3,Canvas Sneakers - Image 3,,,,,,,,,,,,,,,,,,,,,,,
leather-belt,,,,,,,,,,,,,,,,,,,,,,,,,https://images.unsplash.com/photo-1551028719-00167b16eac5?w=800&h=600&fit=crop,2,Leather Belt - Image 2,,,,,,,,,,,,,,,,,,,,,,,
leather-belt,,,,,,,,,,,,,,,,,,,,,,,,,https://images.unsplash.com/photo-1515372039744-b8f02a3ae446?w=800&h=600&fit=crop,3,Leather Belt - Image 3,,,,,,,,,,,,,,,,,,,,,,,
knit-beanie,,,,,,,,,,,,,,,,,,,,,,,,,https://images.unsplash.com/photo-1441986300917-64674bd600d8?w=800&h=600&fit=crop,2,Knit Beanie - Image 2,,,,,,,,,,,,,,,,,,,,,,,
knit-beanie,,,,,,,,,,,,,,,,,,,,,,,,,https://images.unsplash.com/photo-1551028719-00167b16eac5?w=800&h=600&fit=crop,3,Knit Beanie - Image 3,,,,,,,,,,,,,,,,,,,,,,,
silk-tie,,,,,,,,,,,,,,,,,,,,,,,,,https://images.unsplash.com/photo-1551028719-00167b16eac5?w=800&h=600&fit=crop,2,Silk Tie - Image 2,,,,,,,,,,,,,,,,,,,,,,,
silk-tie,,,,,,,,,,,,,,,,,,,,,,,,,https://images.unsplash.com/photo-1441986300917-64674bd600d8?w=800&h=600&fit=crop,3,Silk Tie - Image 3,,,,,,,,,,,,,,,,,,,,,,,
ceramic-coffee-mug-set,,,,,,,,,,,,,,,,,,,,,,,,,https://images.unsplash.com/photo-1586023492125-27b2c045efd7?w=800&h=600&fit=crop,2,Ceramic Coffee Mug Set - Image 2,,,,,,,,,,,,,,,,,,,,,,,
ceramic-coffee-mug-set,,,,,,,,,,,,,,,,,,,,,,,,,https://images.unsplash.com/photo-1555041469-a586c61ea9bc?w=800&h=600&fit=crop,3,Ceramic Coffee Mug Set - Image 3,,,,,,,,,,,,,,,,,,,,,,,
bamboo-cutting-board,,,,,,,,,,,,,,,,,,,,,,,,,https://images.unsplash.com/photo-1586023492125-27b2c045efd7?w=800&h=600&fit=crop,2,Bamboo Cutting Board - Image 2,,,,,,,,,,,,,,,,,,,,,,,
bamboo-cutting-board,,,,,,,,,,,,,,,,,,,,,,,,,https://images.unsplash.com/photo-1555041469-a586c61ea9bc?w=800&h=600&fit=crop,3,Bamboo Cutting Board - Image 3,,,,,,,,,,,,,,,,,,,,,,,
led-desk-lamp,,,,,,,,,,,,,,,,,,,,,,,,,https://images.unsplash.com/photo-1586023492125-27b2c045efd7?w=800&h=600&fit=crop,2,LED Desk Lamp - Image 2,,,,,,,,,,,,,,,,,,,,,,,
led-desk-lamp,,,,,,,,,,,,,,,,,,,,,,,,,https://images.unsplash.com/photo-1555041469-a586c61ea9bc?w=800&h=600&fit=crop,3,LED Desk Lamp - Image 3,,,,,,,,,,,,,,,,,,,,,,,
throw-pillow-set,,,,,,,,,,,,,,,,,,,,,,,,,https://images.unsplash.com/photo-1555041469-a586c61ea9bc?w=800&h=600&fit=crop,2,Throw Pillow Set - Image 2,,,,,,,,,,,,,,,,,,,,,,,
throw-pillow-set,,,,,,,,,,,,,,,,,,,,,,,,,https://images.unsplash.com/photo-1586023492125-27b2c045efd7?w=800&h=600&fit=crop,3,Throw Pillow Set - Image 3,,,,,,,,,,,,,,,,,,,,,,,
plant-pot-set,,,,,,,,,,,,,,,,,,,,,,,,,https://images.unsplash.com/photo-1555041469-a586c61ea9bc?w=800&h=600&fit=crop,2,Plant Pot Set - Image 2,,,,,,,,,,,,,,,,,,,,,,,
plant-pot-set,,,,,,,,,,,,,,,,,,,,,,,,,https://images.unsplash.com/photo-1586023492125-27b2c045efd7?w=800&h=600&fit=crop,3,Plant Pot Set - Image 3,,,,,,,,,,,,,,,,,,,,,,,
candles-gift-set,,,,,,,,,,,,,,,,,,,,,,,,,https://images.unsplash.com/photo-1555041469-a586c61ea9bc?w=800&h=600&fit=crop,2,Candles Gift Set - Image 2,,,,,,,,,,,,,,,,,,,,,,,
candles-gift-set,,,,,,,,,,,,,,,,,,,,,,,,,https://images.unsplash.com/photo-1555041469-a586c61ea9bc?w=800&h=600&fit=crop,3,Candles Gift Set - Image 3,,,,,,,,,,,,,,,,,,,,,,,
wall-art-print,,,,,,,,,,,,,,,,,,,,,,,,,https://images.unsplash.com/photo-1555041469-a586c61ea9bc?w=800&h=600&fit=crop,2,Wall Art Print - Image 2,,,,,,,,,,,,,,,,,,,,,,,
wall-art-print,,,,,,,,,,,,,,,,,,,,,,,,,https://images.unsplash.com/photo-1586023492125-27b2c045efd7?w=800&h=600&fit=crop,3,Wall Art Print - Image 3,,,,,,,,,,,,,,,,,,,,,,,
storage-baskets,,,,,,,,,,,,,,,,,,,,,,,,,https://images.unsplash.com/photo-1586023492125-27b2c045efd7?w=800&h=600&fit=crop,2,Storage Baskets - Image 2,,,,,,,,,,,,,,,,,,,,,,,
storage-baskets,,,,,,,,,,,,,,,,,,,,,,,,,https://images.unsplash.com/photo-1586023492125-27b2c045efd7?w=800&h=600&fit=crop,3,Storage Baskets - Image 3,,,,,,,,,,,,,,,,,,,,,,,
kitchen-knife-set,,,,,,,,,,,,,,,,,,,,,,,,,https://images.unsplash.com/photo-1555041469-a586c61ea9bc?w=800&h=600&fit=crop,2,Kitchen Knife Set - Image 2,,,,,,,,,,,,,,,,,,,,,,,
kitchen-knife-set,,,,,,,,,,,,,,,,,,,,,,,,,https://images.unsplash.com/photo-1586023492125-27b2c045efd7?w=800&h=600&fit=crop,3,Kitchen Knife Set - Image 3,,,,,,,,,,,,,,,,,,,,,,,
bedding-set,,,,,,,,,,,,,,,,,,,,,,,,,https://images.unsplash.com/photo-1586023492125-27b2c045efd7?w=800&h=600&fit=crop,2,Bedding Set - Image 2,,,,,,,,,,,,,,,,,,,,,,,
bedding-set,,,,,,,,,,,,,,,,,,,,,,,,,https://images.unsplash.com/photo-1555041469-a586c61ea9bc?w=800&h=600&fit=crop,3,Bedding Set - Image 3,,,,,,,,,,,,,,,,,,,,,,,
yoga-mat-premium,,,,,,,,,,,,,,,,,,,,,,,,,https://images.unsplash.com/photo-1571019613454-1cb2f99b2d8b?w=800&h=600&fit=crop,2,Yoga Mat Premium - Image 2,,,,,,,,,,,,,,,,,,,,,,,
yoga-mat-premium,,,,,,,,,,,,,,,,,,,,,,,,,https://images.unsplash.com/photo-1571019613454-1cb2f99b2d8b?w=800&h=600&fit=crop,3,Yoga Mat Premium - Image 3,,,,,,,,,,,,,,,,,,,,,,,
resistance-bands-set,,,,,,,,,,,,,,,,,,,,,,,,,https://images.unsplash.com/photo-1571019613454-1cb2f99b2d8b?w=800&h=600&fit=crop,2,Resistance Bands Set - Image 2,,,,,,,,,,,,,,,,,,,,,,,
resistance-bands-set,,,,,,,,,,,,,,,,,,,,,,,,,https://images.unsplash.com/photo-1571019613454-1cb2f99b2d8b?w=800&h=600&fit=crop,3,Resistance Bands Set - Image 3,,,,,,,,,,,,,,,,,,,,,,,
water-bottle-insulated,,,,,,,,,,,,,,,,,,,,,,,,,https://images.unsplash.com/photo-1571019613454-1cb2f99b2d8b?w=800&h=600&fit=crop,2,Water Bottle Insulated - Image 2,,,,,,,,,,,,,,,,,,,,,,,
water-bottle-insulated,,,,,,,,,,,,,,,,,,,,,,,,,https://images.unsplash.com/photo-1571019613454-1cb2f99b2d8b?w=800&h=600&fit=crop,3,Water Bottle Insulated - Image 3,,,,,,,,,,,,,,,,,,,,,,,
running-shoes,,,,,,,,,,,,,,,,,,,,,,,,,https://images.unsplash.com/photo-1571019613454-1cb2f99b2d8b?w=800&h=600&fit=crop,2,Running Shoes - Image 2,,,,,,,,,,,,,,,,,,,,,,,
running-shoes,,,,,,,,,,,,,,,,,,,,,,,,,https://images.unsplash.com/photo-1571019613454-1cb2f99b2d8b?w=800&h=600&fit=crop,3,Running Shoes - Image 3,,,,,,,,,,,,,,,,,,,,,,,
dumbbell-set,,,,,,,,,,,,,,,,,,,,,,,,,https://images.unsplash.com/photo-1571019613454-1cb2f99b2d8b?w=800&h=600&fit=crop,2,Dumbbell Set - Image 2,,,,,,,,,,,,,,,,,,,,,,,
dumbbell-set,,,,,,,,,,,,,,,,,,,,,,,,,https://images.unsplash.com/photo-1571019613454-1cb2f99b2d8b?w=800&h=600&fit=crop,3,Dumbbell Set - Image 3,,,,,,,,,,,,,,,,,,,,,,,
jump-rope,,,,,,,,,,,,,,,,,,,,,,,,,https://images.unsplash.com/photo-1571019613454-1cb2f99b2d8b?w=800&h=600&fit=crop,2,Jump Rope - Image 2,,,,,,,,,,,,,,,,,,,,,,,
jump-rope,,,,,,,,,,,,,,,,,,,,,,,,,https://images.unsplash.com/photo-1571019613454-1cb2f99b2d8b?w=800&h=600&fit=crop,3,Jump Rope - Image 3,,,,,,,,,,,,,,,,,,,,,,,
foam-roller,,,,,,,,,,,,,,,,,,,,,,,,,https://images.unsplash.com/photo-1571019613454-1cb2f99b2d8b?w=800&h=600&fit=crop,2,Foam Roller - Image 2,,,,,,,,,,,,,,,,,,,,,,,
foam-roller,,,,,,,,,,,,,,,,,,,,,,,,,https://images.unsplash.com/photo-1571019613454-1cb2f99b2d8b?w=800&h=600&fit=crop,3,Foam Roller - Image 3,,,,,,,,,,,,,,,,,,,,,,,
gym-towel,,,,,,,,,,,,,,,,,,,,,,,,,https://images.unsplash.com/photo-1571019613454-1cb2f99b2d8b?w=800&h=600&fit=crop,2,Gym Towel - Image 2,,,,,,,,,,,,,,,,,,,,,,,
gym-towel,,,,,,,,,,,,,,,,,,,,,,,,,https://images.unsplash.com/photo-1571019613454-1cb2f99b2d8b?w=800&h=600&fit=crop,3,Gym Towel - Image 3,,,,,,,,,,,,,,,,,,,,,,,
protein-shaker,,,,,,,,,,,,,,,,,,,,,,,,,https://images.unsplash.com/photo-1571019613454-1cb2f99b2d8b?w=800&h=600&fit=crop,2,Protein Shaker - Image 2,,,,,,,,,,,,,,,,,,,,,,,
protein-shaker,,,,,,,,,,,,,,,,,,,,,,,,,https://images.unsplash.com/photo-1571019613454-1cb2f99b2d8b?w=800&h=600&fit=crop,3,Protein Shaker - Image 3,,,,,,,,,,,,,,,,,,,,,,,
exercise-ball,,,,,,,,,,,,,,,,,,,,,,,,,https://images.unsplash.com/photo-1571019613454-1cb2f99b2d8b?w=800&h=600&fit=crop,2,Exercise Ball - Image 2,,,,,,,,,,,,,,,,,,,,,,,
exercise-ball,,,,,,,,,,,,,,,,,,,,,,,,,https://images.unsplash.com/photo-1571019613454-1cb2f99b2d8b?w=800&h=600&fit=crop,3,Exercise Ball - Image 3,,,,,,,,,,,,,,,,,,,,,,,
skincare-set,,,,,,,,,,,,,,,,,,,,,,,,,https://images.unsplash.com/photo-1596462502278-27bfdc403348?w=800&h=600&fit=crop,2,Skincare Set - Image 2,,,,,,,,,,,,,,,,,,,,,,,
skincare-set,,,,,,,,,,,,,,,,,,,,,,,,,https://images.unsplash.com/photo-1596462502278-27bfdc403348?w=800&h=600&fit=crop,3,Skincare Set - Image 3,,,,,,,,,,,,,,,,,,,,,,,
hair-dryer-professional,,,,,,,,,,,,,,,,,,,,,,,,,https://images.unsplash.com/photo-1596462502278-27bfdc403348?w=800&h=600&fit=crop,2,Hair Dryer Professional - Image 2,,,,,,,,,,,,,,,,,,,,,,,
hair-dryer-professional,,,,,,,,,,,,,,,,,,,,,,,,,https://images.unsplash.com/photo-1596462502278-27bfdc403348?w=800&h=600&fit=crop,3,Hair Dryer Professional - Image 3,,,,,,,,,,,,,,,,,,,,,,,
makeup-brush-set,,,,,,,,,,,,,,,,,,,,,,,,,https://images.unsplash.com/photo-1596462502278-27bfdc403348?w=800&h=600&fit=crop,2,Makeup Brush Set - Image 2,,,,,,,,,,,,,,,,,,,,,,,
makeup-brush-set,,,,,,,,,,,,,,,,,,,,,,,,,https://images.unsplash.com/photo-1596462502278-27bfdc403348?w=800&h=600&fit=crop,3,Makeup Brush Set - Image 3,,,,,,,,,,,,,,,,,,,,,,,
essential-oils-kit,,,,,,,,,,,,,,,,,,,,,,,,,https://images.unsplash.com/photo-1596462502278-27bfdc403348?w=800&h=600&fit=crop,2,Essential Oils Kit - Image 2,,,,,,,,,,,,,,,,,,,,,,,
essential-oils-kit,,,,,,,,,,,,,,,,,,,,,,,,,https://images.unsplash.com/photo-1596462502278-27bfdc403348?w=800&h=600&fit=crop,3,Essential Oils Kit - Image 3,,,,,,,,,,,,,,,,,,,,,,,
bath-bomb-collection,,,,,,,,,,,,,,,,,,,,,,,,,https://images.unsplash.com/photo-1596462502278-27bfdc403348?w=800&h=600&fit=crop,2,Bath Bomb Collection - Image 2,,,,,,,,,,,,,,,,,,,,,,,
bath-bomb-collection,,,,,,,,,,,,,,,,,,,,,,,,,https://images.unsplash.com/photo-1596462502278-27bfdc403348?w=800&h=600&fit=crop,3,Bath Bomb Collection - Image 3,,,,,,,,,,,,,,,,,,,,,,,
face-mask-set,,,,,,,,,,,,,,,,,,,,,,,,,https://images.unsplash.com/photo-1596462502278-27bfdc403348?w=800&h=600&fit=crop,2,Face Mask Set - Image 2,,,,,,,,,,,,,,,,,,,,,,,
face-mask-set,,,,,,,,,,,,,,,,,,,,,,,,,https://images.unsplash.com/photo-1596462502278-27bfdc403348?w=800&h=600&fit=crop,3,Face Mask Set - Image 3,,,,,,,,,,,,,,,,,,,,,,,
perfume-gift-set,,,,,,,,,,,,,,,,,,,,,,,,,https://images.unsplash.com/photo-1596462502278-27bfdc403348?w=800&h=600&fit=crop,2,Perfume Gift Set - Image 2,,,,,,,,,,,,,,,,,,,,,,,
perfume-gift-set,,,,,,,,,,,,,,,,,,,,,,,,,https://images.unsplash.com/photo-1596462502278-27bfdc403348?w=800&h=600&fit=crop,3,Perfume Gift Set - Image 3,,,,,,,,,,,,,,,,,,,,,,,
nail-care-kit,,,,,,,,,,,,,,,,,,,,,,,,,https://images.unsplash.com/photo-1596462502278-27bfdc403348?w=800&h=600&fit=crop,2,Nail Care Kit - Image 2,,,,,,,,,,,,,,,,,,,,,,,
nail-care-kit,,,,,,,,,,,,,,,,,,,,,,,,,https://images.unsplash.com/photo-1596462502278-27bfdc403348?w=800&h=600&fit=crop,3,Nail Care Kit - Image 3,,,,,,,,,,,,,,,,,,,,,,,
body-lotion-set,,,,,,,,,,,,,,,,,,,,,,,,,https://images.unsplash.com/photo-1596462502278-27bfdc403348?w=800&h=600&fit=crop,2,Body Lotion Set - Image 2,,,,,,,,,,,,,,,,,,,,,,,
body-lotion-set,,,,,,,,,,,,,,,,,,,,,,,,,https://images.unsplash.com/photo-1596462502278-27bfdc403348?w=800&h=600&fit=crop,3,Body Lotion Set - Image 3,,,,,,,,,,,,,,,,,,,,,,,
hair-care-bundle,,,,,,,,,,,,,,,,,,,,,,,,,https://images.unsplash.com/photo-1596462502278-27bfdc403348?w=800&h=600&fit=crop,2,Hair Care Bundle - Image 2,,,,,,,,,,,,,,,,,,,,,,,
hair-care-bundle,,,,,,,,,,,,,,,,,,,,,,,,,https://images.unsplash.com/photo-1596462502278-27bfdc403348?w=800&h=600&fit=crop,3,Hair Care Bundle - Image 3,,,,,,,,,,,,,,,,,,,,,,,