"Product Title","SKU","Category","Image 1 URL","Image 1 Alt","Image 2 URL","Image 2 Alt","Image 3 URL","Image 3 Alt"
"Wireless Bluetooth Headphones","WBH-001","Electronics","https://images.unsplash.com/photo-1505740420928-5e560c06d30e?w=800&h=600&fit=crop","Wireless Bluetooth Headphones - Image 1","https://images.unsplash.com/photo-1572569511254-d8f925fe2cbb?w=800&h=600&fit=crop","Wireless Bluetooth Headphones - Image 2","https://images.unsplash.com/photo-1551698618-1dfe5d97d256?w=800&h=600&fit=crop","Wireless Bluetooth Headphones - Image 3"
"Smart Fitness Watch","SFW-002","Electronics","https://images.unsplash.com/photo-1551698618-1dfe5d97d256?w=800&h=600&fit=crop","Smart Fitness Watch - Image 1","https://images.unsplash.com/photo-1572569511254-d8f925fe2cbb?w=800&h=600&fit=crop","Smart Fitness Watch - Image 2","https://images.unsplash.com/photo-1523275335684-37898b6baf30?w=800&h=600&fit=crop","Smart Fitness Watch - Image 3"
"Wireless Charging Pad","WCP-003","Electronics","https://images.unsplash.com/photo-1523275335684-37898b6baf30?w=800&h=600&fit=crop","Wireless Charging Pad - Image 1","https://images.unsplash.com/photo-1542291026-7eec264c27ff?w=800&h=600&fit=crop","Wireless Charging Pad - Image 2","https://images.unsplash.com/photo-1551698618-1dfe5d97d256?w=800&h=600&fit=crop","Wireless Charging Pad - Image 3"
"Bluetooth Speaker","BTS-004","Electronics","https://images.unsplash.com/photo-1523275335684-37898b6baf30?w=800&h=600&fit=crop","Bluetooth Speaker - Image 1","https://images.unsplash.com/photo-1505740420928-5e560c06d30e?w=800&h=600&fit=crop","Bluetooth Speaker - Image 2","https://images.unsplash.com/photo-1572569511254-d8f925fe2cbb?w=800&h=600&fit=crop","Bluetooth Speaker - Image 3"
"USB-C Hub","UCH-005","Electronics","https://images.unsplash.com/photo-1551698618-1dfe5d97d256?w=800&h=600&fit=crop","USB-C Hub - Image 1","https://images.unsplash.com/photo-1572569511254-d8f925fe2cbb?w=800&h=600&fit=crop","USB-C Hub - Image 2","https://images.unsplash.com/photo-1523275335684-37898b6baf30?w=800&h=600&fit=crop","USB-C Hub - Image 3"
"Gaming Mouse","GM-006","Electronics","https://images.unsplash.com/photo-1551698618-1dfe5d97d256?w=800&h=600&fit=crop","Gaming Mouse - Image 1","https://images.unsplash.com/photo-1505740420928-5e560c06d30e?w=800&h=600&fit=crop","Gaming Mouse - Image 2","https://images.unsplash.com/photo-1572569511254-d8f925fe2cbb?w=800&h=600&fit=crop","Gaming Mouse - Image 3"
"Mechanical Keyboard","MK-007","Electronics","https://images.unsplash.com/photo-1505740420928-5e560c06d30e?w=800&h=600&fit=crop","Mechanical Keyboard - Image 1","https://images.unsplash.com/photo-1572569511254-d8f925fe2cbb?w=800&h=600&fit=crop","Mechanical Keyboard - Image 2","https://images.unsplash.com/photo-1542291026-7eec264c27ff?w=800&h=600&fit=crop","Mechanical Keyboard - Image 3"
"Webcam HD","WH-008","Electronics","https://images.unsplash.com/photo-1523275335684-37898b6baf30?w=800&h=600&fit=crop","Webcam HD - Image 1","https://images.unsplash.com/photo-1505740420928-5e560c06d30e?w=800&h=600&fit=crop","Webcam HD - Image 2","https://images.unsplash.com/photo-1542291026-7eec264c27ff?w=800&h=600&fit=crop","Webcam HD - Image 3"
"Power Bank 20000mAh","PB-009","Electronics","https://images.unsplash.com/photo-1572569511254-d8f925fe2cbb?w=800&h=600&fit=crop","Power Bank 20000mAh - Image 1","https://images.unsplash.com/photo-1551698618-1dfe5d97d256?w=800&h=600&fit=crop","Power Bank 20000mAh - Image 2","https://images.unsplash.com/photo-1542291026-7eec264c27ff?w=800&h=600&fit=crop","Power Bank 20000mAh - Image 3"
"Tablet Stand","TS-010","Electronics","https://images.unsplash.com/photo-1523275335684-37898b6baf30?w=800&h=600&fit=crop","Tablet Stand - Image 1","https://images.unsplash.com/photo-1551698618-1dfe5d97d256?w=800&h=600&fit=crop","Tablet Stand - Image 2","https://images.unsplash.com/photo-1505740420928-5e560c06d30e?w=800&h=600&fit=crop","Tablet Stand - Image 3"
"Classic Denim Jacket","CDJ-011","Fashion","https://images.unsplash.com/photo-1469334031218-e382a71b716b?w=800&h=600&fit=crop","Classic Denim Jacket - Image 1","https://images.unsplash.com/photo-1558769132-cb1aea458c5e?w=800&h=600&fit=crop","Classic Denim Jacket - Image 2","https://images.unsplash.com/photo-1441986300917-64674bd600d8?w=800&h=600&fit=crop","Classic Denim Jacket - Image 3"
"Luxury Cashmere Scarf","LCS-012","Fashion","https://images.unsplash.com/photo-1469334031218-e382a71b716b?w=800&h=600&fit=crop","Luxury Cashmere Scarf - Image 1","https://images.unsplash.com/photo-1558769132-cb1aea458c5e?w=800&h=600&fit=crop","Luxury Cashmere Scarf - Image 2","https://images.unsplash.com/photo-1515372039744-b8f02a3ae446?w=800&h=600&fit=crop","Luxury Cashmere Scarf - Image 3"
"Leather Crossbody Bag","LCB-013","Fashion","https://images.unsplash.com/photo-1441986300917-64674bd600d8?w=800&h=600&fit=crop","Leather Crossbody Bag - Image 1","https://images.unsplash.com/photo-1469334031218-e382a71b716b?w=800&h=600&fit=crop","Leather Crossbody Bag - Image 2","https://images.unsplash.com/photo-1515372039744-b8f02a3ae446?w=800&h=600&fit=crop","Leather Crossbody Bag - Image 3"
"Silk Blouse","SB-014","Fashion","https://images.unsplash.com/photo-1558769132-cb1aea458c5e?w=800&h=600&fit=crop","Silk Blouse - Image 1","https://images.unsplash.com/photo-1515372039744-b8f02a3ae446?w=800&h=600&fit=crop","Silk Blouse - Image 2","https://images.unsplash.com/photo-1469334031218-e382a71b716b?w=800&h=600&fit=crop","Silk Blouse - Image 3"
"Designer Sunglasses","DS-015","Fashion","https://images.unsplash.com/photo-1441986300917-64674bd600d8?w=800&h=600&fit=crop","Designer Sunglasses - Image 1","https://images.unsplash.com/photo-1558769132-cb1aea458c5e?w=800&h=600&fit=crop","Designer Sunglasses - Image 2","https://images.unsplash.com/photo-1551028719-00167b16eac5?w=800&h=600&fit=crop","Designer Sunglasses - Image 3"
"Wool Blend Coat","WBC-016","Fashion","https://images.unsplash.com/photo-1441986300917-64674bd600d8?w=800&h=600&fit=crop","Wool Blend Coat - Image 1","https://images.unsplash.com/photo-1469334031218-e382a71b716b?w=800&h=600&fit=crop","Wool Blend Coat - Image 2","https://images.unsplash.com/photo-1515372039744-b8f02a3ae446?w=800&h=600&fit=crop","Wool Blend Coat - Image 3"
"Canvas Sneakers","CS-017","Fashion","https://images.unsplash.com/photo-1515372039744-b8f02a3ae446?w=800&h=600&fit=crop","Canvas Sneakers - Image 1","https://images.unsplash.com/photo-1469334031218-e382a71b716b?w=800&h=600&fit=crop","Canvas Sneakers - Image 2","https://images.unsplash.com/photo-1551028719-00167b16eac5?w=800&h=600&fit=crop","Canvas Sneakers - Image 3"
"Leather Belt","LB-018","Fashion","https://images.unsplash.com/photo-1469334031218-e382a71b716b?w=800&h=600&fit=crop","Leather Belt - Image 1","https://images.unsplash.com/photo-1551028719-00167b16eac5?w=800&h=600&fit=crop","Leather Belt - Image 2","https://images.unsplash.com/photo-1515372039744-b8f02a3ae446?w=800&h=600&fit=crop","Leather Belt - Image 3"
"Knit Beanie","KB-019","Fashion","https://images.unsplash.com/photo-1558769132-cb1aea458c5e?w=800&h=600&fit=crop","Knit Beanie - Image 1","https://images.unsplash.com/photo-1441986300917-64674bd600d8?w=800&h=600&fit=crop","Knit Beanie - Image 2","https://images.unsplash.com/photo-1551028719-00167b16eac5?w=800&h=600&fit=crop","Knit Beanie - Image 3"
"Silk Tie","ST-020","Fashion","https://images.unsplash.com/photo-1558769132-cb1aea458c5e?w=800&h=600&fit=crop","Silk Tie - Image 1","https://images.unsplash.com/photo-1551028719-00167b16eac5?w=800&h=600&fit=crop","Silk Tie - Image 2","https://images.unsplash.com/photo-1441986300917-64674bd600d8?w=800&h=600&fit=crop","Silk Tie - Image 3"
"Ceramic Coffee Mug Set","CCM-021","Home & Living","https://images.unsplash.com/photo-1555041469-a586c61ea9bc?w=800&h=600&fit=crop","Ceramic Coffee Mug Set - Image 1","https://images.unsplash.com/photo-1586023492125-27b2c045efd7?w=800&h=600&fit=crop","Ceramic Coffee Mug Set - Image 2","https://images.unsplash.com/photo-1555041469-a586c61ea9bc?w=800&h=600&fit=crop","Ceramic Coffee Mug Set - Image 3"
"Bamboo Cutting Board","BCB-022","Home & Living","https://images.unsplash.com/photo-1586023492125-27b2c045efd7?w=800&h=600&fit=crop","Bamboo Cutting Board - Image 1","https://images.unsplash.com/photo-1586023492125-27b2c045efd7?w=800&h=600&fit=crop","Bamboo Cutting Board - Image 2","https://images.unsplash.com/photo-1555041469-a586c61ea9bc?w=800&h=600&fit=crop","Bamboo Cutting Board - Image 3"
"LED Desk Lamp","LDL-023","Home & Living","https://images.unsplash.com/photo-1586023492125-27b2c045efd7?w=800&h=600&fit=crop","LED Desk Lamp - Image 1","https://images.unsplash.com/photo-1586023492125-27b2c045efd7?w=800&h=600&fit=crop","LED Desk Lamp - Image 2","https://images.unsplash.com/photo-1555041469-a586c61ea9bc?w=800&h=600&fit=crop","LED Desk Lamp - Image 3"
"Throw Pillow Set","TPS-024","Home & Living","https://images.unsplash.com/photo-1586023492125-27b2c045efd7?w=800&h=600&fit=crop","Throw Pillow Set - Image 1","https://images.unsplash.com/photo-1555041469-a586c61ea9bc?w=800&h=600&fit=crop","Throw Pillow Set - Image 2","https://images.unsplash.com/photo-1586023492125-27b2c045efd7?w=800&h=600&fit=crop","Throw Pillow Set - Image 3"
"Plant Pot Set","PPS-025","Home & Living","https://images.unsplash.com/photo-1586023492125-27b2c045efd7?w=800&h=600&fit=crop","Plant Pot Set - Image 1","https://images.unsplash.com/photo-1555041469-a586c61ea9bc?w=800&h=600&fit=crop","Plant Pot Set - Image 2","https://images.unsplash.com/photo-1586023492125-27b2c045efd7?w=800&h=600&fit=crop","Plant Pot Set - Image 3"
"Candles Gift Set","CGS-026","Home & Living","https://images.unsplash.com/photo-1586023492125-27b2c045efd7?w=800&h=600&fit=crop","Candles Gift Set - Image 1","https://images.unsplash.com/photo-1555041469-a586c61ea9bc?w=800&h=600&fit=crop","Candles Gift Set - Image 2","https://images.unsplash.com/photo-1555041469-a586c61ea9bc?w=800&h=600&fit=crop","Candles Gift Set - Image 3"
"Wall Art Print","WAP-027","Home & Living","https://images.unsplash.com/photo-1586023492125-27b2c045efd7?w=800&h=600&fit=crop","Wall Art Print - Image 1","https://images.unsplash.com/photo-1555041469-a586c61ea9bc?w=800&h=600&fit=crop","Wall Art Print - Image 2","https://images.unsplash.com/photo-1586023492125-27b2c045efd7?w=800&h=600&fit=crop","Wall Art Print - Image 3"
"Storage Baskets","SB-028","Home & Living","https://images.unsplash.com/photo-1555041469-a586c61ea9bc?w=800&h=600&fit=crop","Storage Baskets - Image 1","https://images.unsplash.com/photo-1586023492125-27b2c045efd7?w=800&h=600&fit=crop","Storage Baskets - Image 2","https://images.unsplash.com/photo-1586023492125-27b2c045efd7?w=800&h=600&fit=crop","Storage Baskets - Image 3"
"Kitchen Knife Set","KKS-029","Home & Living","https://images.unsplash.com/photo-1586023492125-27b2c045efd7?w=800&h=600&fit=crop","Kitchen Knife Set - Image 1","https://images.unsplash.com/photo-1555041469-a586c61ea9bc?w=800&h=600&fit=crop","Kitchen Knife Set - Image 2","https://images.unsplash.com/photo-1586023492125-27b2c045efd7?w=800&h=600&fit=crop","Kitchen Knife Set - Image 3"
"Bedding Set","BS-030","Home & Living","https://images.unsplash.com/photo-1586023492125-27b2c045efd7?w=800&h=600&fit=crop","Bedding Set - Image 1","https://images.unsplash.com/photo-1586023492125-27b2c045efd7?w=800&h=600&fit=crop","Bedding Set - Image 2","https://images.unsplash.com/photo-1555041469-a586c61ea9bc?w=800&h=600&fit=crop","Bedding Set - Image 3"
"Yoga Mat Premium","YMP-031","Sports & Fitness","https://images.unsplash.com/photo-1571019613454-1cb2f99b2d8b?w=800&h=600&fit=crop","Yoga Mat Premium - Image 1","https://images.unsplash.com/photo-1571019613454-1cb2f99b2d8b?w=800&h=600&fit=crop","Yoga Mat Premium - Image 2","https://images.unsplash.com/photo-1571019613454-1cb2f99b2d8b?w=800&h=600&fit=crop","Yoga Mat Premium - Image 3"
"Resistance Bands Set","RBS-032","Sports & Fitness","https://images.unsplash.com/photo-1571019613454-1cb2f99b2d8b?w=800&h=600&fit=crop","Resistance Bands Set - Image 1","https://images.unsplash.com/photo-1571019613454-1cb2f99b2d8b?w=800&h=600&fit=crop","Resistance Bands Set - Image 2","https://images.unsplash.com/photo-1571019613454-1cb2f99b2d8b?w=800&h=600&fit=crop","Resistance Bands Set - Image 3"
"Water Bottle Insulated","WBI-033","Sports & Fitness","https://images.unsplash.com/photo-1571019613454-1cb2f99b2d8b?w=800&h=600&fit=crop","Water Bottle Insulated - Image 1","https://images.unsplash.com/photo-1571019613454-1cb2f99b2d8b?w=800&h=600&fit=crop","Water Bottle Insulated - Image 2","https://images.unsplash.com/photo-1571019613454-1cb2f99b2d8b?w=800&h=600&fit=crop","Water Bottle Insulated - Image 3"
"Running Shoes","RS-034","Sports & Fitness","https://images.unsplash.com/photo-1571019613454-1cb2f99b2d8b?w=800&h=600&fit=crop","Running Shoes - Image 1","https://images.unsplash.com/photo-1571019613454-1cb2f99b2d8b?w=800&h=600&fit=crop","Running Shoes - Image 2","https://images.unsplash.com/photo-1571019613454-1cb2f99b2d8b?w=800&h=600&fit=crop","Running Shoes - Image 3"
"Dumbbell Set","DS-035","Sports & Fitness","https://images.unsplash.com/photo-1571019613454-1cb2f99b2d8b?w=800&h=600&fit=crop","Dumbbell Set - Image 1","https://images.unsplash.com/photo-1571019613454-1cb2f99b2d8b?w=800&h=600&fit=crop","Dumbbell Set - Image 2","https://images.unsplash.com/photo-1571019613454-1cb2f99b2d8b?w=800&h=600&fit=crop","Dumbbell Set - Image 3"
"Jump Rope","JR-036","Sports & Fitness","https://images.unsplash.com/photo-1571019613454-1cb2f99b2d8b?w=800&h=600&fit=crop","Jump Rope - Image 1","https://images.unsplash.com/photo-1571019613454-1cb2f99b2d8b?w=800&h=600&fit=crop","Jump Rope - Image 2","https://images.unsplash.com/photo-1571019613454-1cb2f99b2d8b?w=800&h=600&fit=crop","Jump Rope - Image 3"
"Foam Roller","FR-037","Sports & Fitness","https://images.unsplash.com/photo-1571019613454-1cb2f99b2d8b?w=800&h=600&fit=crop","Foam Roller - Image 1","https://images.unsplash.com/photo-1571019613454-1cb2f99b2d8b?w=800&h=600&fit=crop","Foam Roller - Image 2","https://images.unsplash.com/photo-1571019613454-1cb2f99b2d8b?w=800&h=600&fit=crop","Foam Roller - Image 3"
"Gym Towel","GT-038","Sports & Fitness","https://images.unsplash.com/photo-1571019613454-1cb2f99b2d8b?w=800&h=600&fit=crop","Gym Towel - Image 1","https://images.unsplash.com/photo-1571019613454-1cb2f99b2d8b?w=800&h=600&fit=crop","Gym Towel - Image 2","https://images.unsplash.com/photo-1571019613454-1cb2f99b2d8b?w=800&h=600&fit=crop","Gym Towel - Image 3"
"Protein Shaker","PS-039","Sports & Fitness","https://images.unsplash.com/photo-1571019613454-1cb2f99b2d8b?w=800&h=600&fit=crop","Protein Shaker - Image 1","https://images.unsplash.com/photo-1571019613454-1cb2f99b2d8b?w=800&h=600&fit=crop","Protein Shaker - Image 2","https://images.unsplash.com/photo-1571019613454-1cb2f99b2d8b?w=800&h=600&fit=crop","Protein Shaker - Image 3"
"Exercise Ball","EB-040","Sports & Fitness","https://images.unsplash.com/photo-1571019613454-1cb2f99b2d8b?w=800&h=600&fit=crop","Exercise Ball - Image 1","https://images.unsplash.com/photo-1571019613454-1cb2f99b2d8b?w=800&h=600&fit=crop","Exercise Ball - Image 2","https://images.unsplash.com/photo-1571019613454-1cb2f99b2d8b?w=800&h=600&fit=crop","Exercise Ball - Image 3"
"Skincare Set","SS-041","Beauty & Personal Care","https://images.unsplash.com/photo-1596462502278-27bfdc403348?w=800&h=600&fit=crop","Skincare Set - Image 1","https://images.unsplash.com/photo-1596462502278-27bfdc403348?w=800&h=600&fit=crop","Skincare Set - Image 2","https://images.unsplash.com/photo-1596462502278-27bfdc403348?w=800&h=600&fit=crop","Skincare Set - Image 3"
"Hair Dryer Professional","HDP-042","Beauty & Personal Care","https://images.unsplash.com/photo-1596462502278-27bfdc403348?w=800&h=600&fit=crop","Hair Dryer Professional - Image 1","https://images.unsplash.com/photo-1596462502278-27bfdc403348?w=800&h=600&fit=crop","Hair Dryer Professional - Image 2","https://images.unsplash.com/photo-1596462502278-27bfdc403348?w=800&h=600&fit=crop","Hair Dryer Professional - Image 3"
"Makeup Brush Set","MBS-043","Beauty & Personal Care","https://images.unsplash.com/photo-1596462502278-27bfdc403348?w=800&h=600&fit=crop","Makeup Brush Set - Image 1","https://images.unsplash.com/photo-1596462502278-27bfdc403348?w=800&h=600&fit=crop","Makeup Brush Set - Image 2","https://images.unsplash.com/photo-1596462502278-27bfdc403348?w=800&h=600&fit=crop","Makeup Brush Set - Image 3"
"Essential Oils Kit","EOK-044","Beauty & Personal Care","https://images.unsplash.com/photo-1596462502278-27bfdc403348?w=800&h=600&fit=crop","Essential Oils Kit - Image 1","https://images.unsplash.com/photo-1596462502278-27bfdc403348?w=800&h=600&fit=crop","Essential Oils Kit - Image 2","https://images.unsplash.com/photo-1596462502278-27bfdc403348?w=800&h=600&fit=crop","Essential Oils Kit - Image 3"
"Bath Bomb Collection","BBC-045","Beauty & Personal Care","https://images.unsplash.com/photo-1596462502278-27bfdc403348?w=800&h=600&fit=crop","Bath Bomb Collection - Image 1","https://images.unsplash.com/photo-1596462502278-27bfdc403348?w=800&h=600&fit=crop","Bath Bomb Collection - Image 2","https://images.unsplash.com/photo-1596462502278-27bfdc403348?w=800&h=600&fit=crop","Bath Bomb Collection - Image 3"
"Face Mask Set","FMS-046","Beauty & Personal Care","https://images.unsplash.com/photo-1596462502278-27bfdc403348?w=800&h=600&fit=crop","Face Mask Set - Image 1","https://images.unsplash.com/photo-1596462502278-27bfdc403348?w=800&h=600&fit=crop","Face Mask Set - Image 2","https://images.unsplash.com/photo-1596462502278-27bfdc403348?w=800&h=600&fit=crop","Face Mask Set - Image 3"
"Perfume Gift Set","PGS-047","Beauty & Personal Care","https://images.unsplash.com/photo-1596462502278-27bfdc403348?w=800&h=600&fit=crop","Perfume Gift Set - Image 1","https://images.unsplash.com/photo-1596462502278-27bfdc403348?w=800&h=600&fit=crop","Perfume Gift Set - Image 2","https://images.unsplash.com/photo-1596462502278-27bfdc403348?w=800&h=600&fit=crop","Perfume Gift Set - Image 3"
"Nail Care Kit","NCK-048","Beauty & Personal Care","https://images.unsplash.com/photo-1596462502278-27bfdc403348?w=800&h=600&fit=crop","Nail Care Kit - Image 1","https://images.unsplash.com/photo-1596462502278-27bfdc403348?w=800&h=600&fit=crop","Nail Care Kit - Image 2","https://images.unsplash.com/photo-1596462502278-27bfdc403348?w=800&h=600&fit=crop","Nail Care Kit - Image 3"
"Body Lotion Set","BLS-049","Beauty & Personal Care","https://images.unsplash.com/photo-1596462502278-27bfdc403348?w=800&h=600&fit=crop","Body Lotion Set - Image 1","https://images.unsplash.com/photo-1596462502278-27bfdc403348?w=800&h=600&fit=crop","Body Lotion Set - Image 2","https://images.unsplash.com/photo-1596462502278-27bfdc403348?w=800&h=600&fit=crop","Body Lotion Set - Image 3"
"Hair Care Bundle","HCB-050","Beauty & Personal Care","https://images.unsplash.com/photo-1596462502278-27bfdc403348?w=800&h=600&fit=crop","Hair Care Bundle - Image 1","https://images.unsplash.com/photo-1596462502278-27bfdc403348?w=800&h=600&fit=crop","Hair Care Bundle - Image 2","https://images.unsplash.com/photo-1596462502278-27bfdc403348?w=800&h=600&fit=crop","Hair Care Bundle - Image 3"
"Leather Journal","LJ-051","Books & Stationery","https://images.unsplash.com/photo-1481627834876-b7833e8f5570?w=800&h=600&fit=crop","Leather Journal - Image 1","https://images.unsplash.com/photo-1481627834876-b7833e8f5570?w=800&h=600&fit=crop","Leather Journal - Image 2","https://images.unsplash.com/photo-1481627834876-b7833e8f5570?w=800&h=600&fit=crop","Leather Journal - Image 3"
"Fountain Pen Set","FPS-052","Books & Stationery","https://images.unsplash.com/photo-1481627834876-b7833e8f5570?w=800&h=600&fit=crop","Fountain Pen Set - Image 1","https://images.unsplash.com/photo-1481627834876-b7833e8f5570?w=800&h=600&fit=crop","Fountain Pen Set - Image 2","https://images.unsplash.com/photo-1481627834876-b7833e8f5570?w=800&h=600&fit=crop","Fountain Pen Set - Image 3"
"Notebook Collection","NC-053","Books & Stationery","https://images.unsplash.com/photo-1481627834876-b7833e8f5570?w=800&h=600&fit=crop","Notebook Collection - Image 1","https://images.unsplash.com/photo-1481627834876-b7833e8f5570?w=800&h=600&fit=crop","Notebook Collection - Image 2","https://images.unsplash.com/photo-1481627834876-b7833e8f5570?w=800&h=600&fit=crop","Notebook Collection - Image 3"
"Desk Organizer","DO-054","Books & Stationery","https://images.unsplash.com/photo-1481627834876-b7833e8f5570?w=800&h=600&fit=crop","Desk Organizer - Image 1","https://images.unsplash.com/photo-1481627834876-b7833e8f5570?w=800&h=600&fit=crop","Desk Organizer - Image 2","https://images.unsplash.com/photo-1481627834876-b7833e8f5570?w=800&h=600&fit=crop","Desk Organizer - Image 3"
"Bookmark Set","BMS-055","Books & Stationery","https://images.unsplash.com/photo-1481627834876-b7833e8f5570?w=800&h=600&fit=crop","Bookmark Set - Image 1","https://images.unsplash.com/photo-1481627834876-b7833e8f5570?w=800&h=600&fit=crop","Bookmark Set - Image 2","https://images.unsplash.com/photo-1481627834876-b7833e8f5570?w=800&h=600&fit=crop","Bookmark Set - Image 3"
"Planner 2024","P24-056","Books & Stationery","https://images.unsplash.com/photo-1481627834876-b7833e8f5570?w=800&h=600&fit=crop","Planner 2024 - Image 1","https://images.unsplash.com/photo-1481627834876-b7833e8f5570?w=800&h=600&fit=crop","Planner 2024 - Image 2","https://images.unsplash.com/photo-1481627834876-b7833e8f5570?w=800&h=600&fit=crop","Planner 2024 - Image 3"
"Calligraphy Set","CS-057","Books & Stationery","https://images.unsplash.com/photo-1481627834876-b7833e8f5570?w=800&h=600&fit=crop","Calligraphy Set - Image 1","https://images.unsplash.com/photo-1481627834876-b7833e8f5570?w=800&h=600&fit=crop","Calligraphy Set - Image 2","https://images.unsplash.com/photo-1481627834876-b7833e8f5570?w=800&h=600&fit=crop","Calligraphy Set - Image 3"
"Sticky Notes Pack","SNP-058","Books & Stationery","https://images.unsplash.com/photo-1481627834876-b7833e8f5570?w=800&h=600&fit=crop","Sticky Notes Pack - Image 1","https://images.unsplash.com/photo-1481627834876-b7833e8f5570?w=800&h=600&fit=crop","Sticky Notes Pack - Image 2","https://images.unsplash.com/photo-1481627834876-b7833e8f5570?w=800&h=600&fit=crop","Sticky Notes Pack - Image 3"
"Pencil Case","PC-059","Books & Stationery","https://images.unsplash.com/photo-1481627834876-b7833e8f5570?w=800&h=600&fit=crop","Pencil Case - Image 1","https://images.unsplash.com/photo-1481627834876-b7833e8f5570?w=800&h=600&fit=crop","Pencil Case - Image 2","https://images.unsplash.com/photo-1481627834876-b7833e8f5570?w=800&h=600&fit=crop","Pencil Case - Image 3"
"Reading Light","RL-060","Books & Stationery","https://images.unsplash.com/photo-1481627834876-b7833e8f5570?w=800&h=600&fit=crop","Reading Light - Image 1","https://images.unsplash.com/photo-1481627834876-b7833e8f5570?w=800&h=600&fit=crop","Reading Light - Image 2","https://images.unsplash.com/photo-1481627834876-b7833e8f5570?w=800&h=600&fit=crop","Reading Light - Image 3"
"Board Game Collection","BGC-061","Toys & Games","https://images.unsplash.com/photo-1558618666-fcd25c85cd64?w=800&h=600&fit=crop","Board Game Collection - Image 1","https://images.unsplash.com/photo-1558618666-fcd25c85cd64?w=800&h=600&fit=crop","Board Game Collection - Image 2","https://images.unsplash.com/photo-1558618666-fcd25c85cd64?w=800&h=600&fit=crop","Board Game Collection - Image 3"
"Puzzle 1000 Pieces","P1K-062","Toys & Games","https://images.unsplash.com/photo-1558618666-fcd25c85cd64?w=800&h=600&fit=crop","Puzzle 1000 Pieces - Image 1","https://images.unsplash.com/photo-1558618666-fcd25c85cd64?w=800&h=600&fit=crop","Puzzle 1000 Pieces - Image 2","https://images.unsplash.com/photo-1558618666-fcd25c85cd64?w=800&h=600&fit=crop","Puzzle 1000 Pieces - Image 3"
"Building Blocks Set","BBS-063","Toys & Games","https://images.unsplash.com/photo-1558618666-fcd25c85cd64?w=800&h=600&fit=crop","Building Blocks Set - Image 1","https://images.unsplash.com/photo-1558618666-fcd25c85cd64?w=800&h=600&fit=crop","Building Blocks Set - Image 2","https://images.unsplash.com/photo-1558618666-fcd25c85cd64?w=800&h=600&fit=crop","Building Blocks Set - Image 3"
"Card Game Pack","CGP-064","Toys & Games","https://images.unsplash.com/photo-1558618666-fcd25c85cd64?w=800&h=600&fit=crop","Card Game Pack - Image 1","https://images.unsplash.com/photo-1558618666-fcd25c85cd64?w=800&h=600&fit=crop","Card Game Pack - Image 2","https://images.unsplash.com/photo-1558618666-fcd25c85cd64?w=800&h=600&fit=crop","Card Game Pack - Image 3"
"Art Supplies Kit","ASK-065","Toys & Games","https://images.unsplash.com/photo-1558618666-fcd25c85cd64?w=800&h=600&fit=crop","Art Supplies Kit - Image 1","https://images.unsplash.com/photo-1558618666-fcd25c85cd64?w=800&h=600&fit=crop","Art Supplies Kit - Image 2","https://images.unsplash.com/photo-1558618666-fcd25c85cd64?w=800&h=600&fit=crop","Art Supplies Kit - Image 3"
"Educational Toy","ET-066","Toys & Games","https://images.unsplash.com/photo-1558618666-fcd25c85cd64?w=800&h=600&fit=crop","Educational Toy - Image 1","https://images.unsplash.com/photo-1558618666-fcd25c85cd64?w=800&h=600&fit=crop","Educational Toy - Image 2","https://images.unsplash.com/photo-1558618666-fcd25c85cd64?w=800&h=600&fit=crop","Educational Toy - Image 3"
"Outdoor Game Set","OGS-067","Toys & Games","https://images.unsplash.com/photo-1558618666-fcd25c85cd64?w=800&h=600&fit=crop","Outdoor Game Set - Image 1","https://images.unsplash.com/photo-1558618666-fcd25c85cd64?w=800&h=600&fit=crop","Outdoor Game Set - Image 2","https://images.unsplash.com/photo-1558618666-fcd25c85cd64?w=800&h=600&fit=crop","Outdoor Game Set - Image 3"
"Magic Kit","MK-068","Toys & Games","https://images.unsplash.com/photo-1558618666-fcd25c85cd64?w=800&h=600&fit=crop","Magic Kit - Image 1","https://images.unsplash.com/photo-1558618666-fcd25c85cd64?w=800&h=600&fit=crop","Magic Kit - Image 2","https://images.unsplash.com/photo-1558618666-fcd25c85cd64?w=800&h=600&fit=crop","Magic Kit - Image 3"
"Science Experiment Kit","SEK-069","Toys & Games","https://images.unsplash.com/photo-1558618666-fcd25c85cd64?w=800&h=600&fit=crop","Science Experiment Kit - Image 1","https://images.unsplash.com/photo-1558618666-fcd25c85cd64?w=800&h=600&fit=crop","Science Experiment Kit - Image 2","https://images.unsplash.com/photo-1558618666-fcd25c85cd64?w=800&h=600&fit=crop","Science Experiment Kit - Image 3"
"Doll House","DH-070","Toys & Games","https://images.unsplash.com/photo-1558618666-fcd25c85cd64?w=800&h=600&fit=crop","Doll House - Image 1","https://images.unsplash.com/photo-1558618666-fcd25c85cd64?w=800&h=600&fit=crop","Doll House - Image 2","https://images.unsplash.com/photo-1558618666-fcd25c85cd64?w=800&h=600&fit=crop","Doll House - Image 3"
"Car Phone Mount","CPM-071","Automotive","https://images.unsplash.com/photo-1558618666-fcd25c85cd64?w=800&h=600&fit=crop","Car Phone Mount - Image 1","https://images.unsplash.com/photo-1558618666-fcd25c85cd64?w=800&h=600&fit=crop","Car Phone Mount - Image 2","https://images.unsplash.com/photo-1558618666-fcd25c85cd64?w=800&h=600&fit=crop","Car Phone Mount - Image 3"
"Car Air Freshener","CAF-072","Automotive","https://images.unsplash.com/photo-1558618666-fcd25c85cd64?w=800&h=600&fit=crop","Car Air Freshener - Image 1","https://images.unsplash.com/photo-1558618666-fcd25c85cd64?w=800&h=600&fit=crop","Car Air Freshener - Image 2","https://images.unsplash.com/photo-1558618666-fcd25c85cd64?w=800&h=600&fit=crop","Car Air Freshener - Image 3"
"Tire Pressure Gauge","TPG-073","Automotive","https://images.unsplash.com/photo-1558618666-fcd25c85cd64?w=800&h=600&fit=crop","Tire Pressure Gauge - Image 1","https://images.unsplash.com/photo-1558618666-fcd25c85cd64?w=800&h=600&fit=crop","Tire Pressure Gauge - Image 2","https://images.unsplash.com/photo-1558618666-fcd25c85cd64?w=800&h=600&fit=crop","Tire Pressure Gauge - Image 3"
"Car Cleaning Kit","CCK-074","Automotive","https://images.unsplash.com/photo-1558618666-fcd25c85cd64?w=800&h=600&fit=crop","Car Cleaning Kit - Image 1","https://images.unsplash.com/photo-1558618666-fcd25c85cd64?w=800&h=600&fit=crop","Car Cleaning Kit - Image 2","https://images.unsplash.com/photo-1558618666-fcd25c85cd64?w=800&h=600&fit=crop","Car Cleaning Kit - Image 3"
"USB Car Charger","UCC-075","Automotive","https://images.unsplash.com/photo-1558618666-fcd25c85cd64?w=800&h=600&fit=crop","USB Car Charger - Image 1","https://images.unsplash.com/photo-1558618666-fcd25c85cd64?w=800&h=600&fit=crop","USB Car Charger - Image 2","https://images.unsplash.com/photo-1558618666-fcd25c85cd64?w=800&h=600&fit=crop","USB Car Charger - Image 3"
"Car Seat Covers","CSC-076","Automotive","https://images.unsplash.com/photo-1558618666-fcd25c85cd64?w=800&h=600&fit=crop","Car Seat Covers - Image 1","https://images.unsplash.com/photo-1558618666-fcd25c85cd64?w=800&h=600&fit=crop","Car Seat Covers - Image 2","https://images.unsplash.com/photo-1558618666-fcd25c85cd64?w=800&h=600&fit=crop","Car Seat Covers - Image 3"
"Dash Cam","DC-077","Automotive","https://images.unsplash.com/photo-1558618666-fcd25c85cd64?w=800&h=600&fit=crop","Dash Cam - Image 1","https://images.unsplash.com/photo-1558618666-fcd25c85cd64?w=800&h=600&fit=crop","Dash Cam - Image 2","https://images.unsplash.com/photo-1558618666-fcd25c85cd64?w=800&h=600&fit=crop","Dash Cam - Image 3"
"Car Organizer","CO-078","Automotive","https://images.unsplash.com/photo-1558618666-fcd25c85cd64?w=800&h=600&fit=crop","Car Organizer - Image 1","https://images.unsplash.com/photo-1558618666-fcd25c85cd64?w=800&h=600&fit=crop","Car Organizer - Image 2","https://images.unsplash.com/photo-1558618666-fcd25c85cd64?w=800&h=600&fit=crop","Car Organizer - Image 3"
"Jump Starter","JS-079","Automotive","https://images.unsplash.com/photo-1558618666-fcd25c85cd64?w=800&h=600&fit=crop","Jump Starter - Image 1","https://images.unsplash.com/photo-1558618666-fcd25c85cd64?w=800&h=600&fit=crop","Jump Starter - Image 2","https://images.unsplash.com/photo-1558618666-fcd25c85cd64?w=800&h=600&fit=crop","Jump Starter - Image 3"
"Car Vacuum","CV-080","Automotive","https://images.unsplash.com/photo-1558618666-fcd25c85cd64?w=800&h=600&fit=crop","Car Vacuum - Image 1","https://images.unsplash.com/photo-1558618666-fcd25c85cd64?w=800&h=600&fit=crop","Car Vacuum - Image 2","https://images.unsplash.com/photo-1558618666-fcd25c85cd64?w=800&h=600&fit=crop","Car Vacuum - Image 3"
"Dog Leash Set","DLS-081","Pet Supplies","https://images.unsplash.com/photo-1601758228041-f3b2795255f1?w=800&h=600&fit=crop","Dog Leash Set - Image 1","https://images.unsplash.com/photo-1601758228041-f3b2795255f1?w=800&h=600&fit=crop","Dog Leash Set - Image 2","https://images.unsplash.com/photo-1601758228041-f3b2795255f1?w=800&h=600&fit=crop","Dog Leash Set - Image 3"
"Cat Scratching Post","CSP-082","Pet Supplies","https://images.unsplash.com/photo-1601758228041-f3b2795255f1?w=800&h=600&fit=crop","Cat Scratching Post - Image 1","https://images.unsplash.com/photo-1601758228041-f3b2795255f1?w=800&h=600&fit=crop","Cat Scratching Post - Image 2","https://images.unsplash.com/photo-1601758228041-f3b2795255f1?w=800&h=600&fit=crop","Cat Scratching Post - Image 3"
"Pet Food Bowl Set","PFBS-083","Pet Supplies","https://images.unsplash.com/photo-1601758228041-f3b2795255f1?w=800&h=600&fit=crop","Pet Food Bowl Set - Image 1","https://images.unsplash.com/photo-1601758228041-f3b2795255f1?w=800&h=600&fit=crop","Pet Food Bowl Set - Image 2","https://images.unsplash.com/photo-1601758228041-f3b2795255f1?w=800&h=600&fit=crop","Pet Food Bowl Set - Image 3"
"Dog Toy Collection","DTC-084","Pet Supplies","https://images.unsplash.com/photo-1601758228041-f3b2795255f1?w=800&h=600&fit=crop","Dog Toy Collection - Image 1","https://images.unsplash.com/photo-1601758228041-f3b2795255f1?w=800&h=600&fit=crop","Dog Toy Collection - Image 2","https://images.unsplash.com/photo-1601758228041-f3b2795255f1?w=800&h=600&fit=crop","Dog Toy Collection - Image 3"
"Pet Grooming Kit","PGK-085","Pet Supplies","https://images.unsplash.com/photo-1601758228041-f3b2795255f1?w=800&h=600&fit=crop","Pet Grooming Kit - Image 1","https://images.unsplash.com/photo-1601758228041-f3b2795255f1?w=800&h=600&fit=crop","Pet Grooming Kit - Image 2","https://images.unsplash.com/photo-1601758228041-f3b2795255f1?w=800&h=600&fit=crop","Pet Grooming Kit - Image 3"
"Cat Litter Box","CLB-086","Pet Supplies","https://images.unsplash.com/photo-1601758228041-f3b2795255f1?w=800&h=600&fit=crop","Cat Litter Box - Image 1","https://images.unsplash.com/photo-1601758228041-f3b2795255f1?w=800&h=600&fit=crop","Cat Litter Box - Image 2","https://images.unsplash.com/photo-1601758228041-f3b2795255f1?w=800&h=600&fit=crop","Cat Litter Box - Image 3"
"Dog Bed","DB-087","Pet Supplies","https://images.unsplash.com/photo-1601758228041-f3b2795255f1?w=800&h=600&fit=crop","Dog Bed - Image 1","https://images.unsplash.com/photo-1601758228041-f3b2795255f1?w=800&h=600&fit=crop","Dog Bed - Image 2","https://images.unsplash.com/photo-1601758228041-f3b2795255f1?w=800&h=600&fit=crop","Dog Bed - Image 3"
"Pet Carrier","PC-088","Pet Supplies","https://images.unsplash.com/photo-1601758228041-f3b2795255f1?w=800&h=600&fit=crop","Pet Carrier - Image 1","https://images.unsplash.com/photo-1601758228041-f3b2795255f1?w=800&h=600&fit=crop","Pet Carrier - Image 2","https://images.unsplash.com/photo-1601758228041-f3b2795255f1?w=800&h=600&fit=crop","Pet Carrier - Image 3"
"Pet Treats","PT-089","Pet Supplies","https://images.unsplash.com/photo-1601758228041-f3b2795255f1?w=800&h=600&fit=crop","Pet Treats - Image 1","https://images.unsplash.com/photo-1601758228041-f3b2795255f1?w=800&h=600&fit=crop","Pet Treats - Image 2","https://images.unsplash.com/photo-1601758228041-f3b2795255f1?w=800&h=600&fit=crop","Pet Treats - Image 3"
"Pet ID Tag","PIT-090","Pet Supplies","https://images.unsplash.com/photo-1601758228041-f3b2795255f1?w=800&h=600&fit=crop","Pet ID Tag - Image 1","https://images.unsplash.com/photo-1601758228041-f3b2795255f1?w=800&h=600&fit=crop","Pet ID Tag - Image 2","https://images.unsplash.com/photo-1601758228041-f3b2795255f1?w=800&h=600&fit=crop","Pet ID Tag - Image 3"
"Garden Tool Set","GTS-091","Garden & Outdoor","https://images.unsplash.com/photo-1416879595882-3373a0480b5b?w=800&h=600&fit=crop","Garden Tool Set - Image 1","https://images.unsplash.com/photo-1416879595882-3373a0480b5b?w=800&h=600&fit=crop","Garden Tool Set - Image 2","https://images.unsplash.com/photo-1416879595882-3373a0480b5b?w=800&h=600&fit=crop","Garden Tool Set - Image 3"
"Plant Seeds Collection","PSC-092","Garden & Outdoor","https://images.unsplash.com/photo-1416879595882-3373a0480b5b?w=800&h=600&fit=crop","Plant Seeds Collection - Image 1","https://images.unsplash.com/photo-1416879595882-3373a0480b5b?w=800&h=600&fit=crop","Plant Seeds Collection - Image 2","https://images.unsplash.com/photo-1416879595882-3373a0480b5b?w=800&h=600&fit=crop","Plant Seeds Collection - Image 3"
"Garden Hose","GH-093","Garden & Outdoor","https://images.unsplash.com/photo-1416879595882-3373a0480b5b?w=800&h=600&fit=crop","Garden Hose - Image 1","https://images.unsplash.com/photo-1416879595882-3373a0480b5b?w=800&h=600&fit=crop","Garden Hose - Image 2","https://images.unsplash.com/photo-1416879595882-3373a0480b5b?w=800&h=600&fit=crop","Garden Hose - Image 3"
"Outdoor Solar Lights","OSL-094","Garden & Outdoor","https://images.unsplash.com/photo-1416879595882-3373a0480b5b?w=800&h=600&fit=crop","Outdoor Solar Lights - Image 1","https://images.unsplash.com/photo-1416879595882-3373a0480b5b?w=800&h=600&fit=crop","Outdoor Solar Lights - Image 2","https://images.unsplash.com/photo-1416879595882-3373a0480b5b?w=800&h=600&fit=crop","Outdoor Solar Lights - Image 3"
"Plant Pot Set","PPS-095","Garden & Outdoor","https://images.unsplash.com/photo-1416879595882-3373a0480b5b?w=800&h=600&fit=crop","Plant Pot Set - Image 1","https://images.unsplash.com/photo-1416879595882-3373a0480b5b?w=800&h=600&fit=crop","Plant Pot Set - Image 2","https://images.unsplash.com/photo-1416879595882-3373a0480b5b?w=800&h=600&fit=crop","Plant Pot Set - Image 3"
"Garden Gloves","GG-096","Garden & Outdoor","https://images.unsplash.com/photo-1416879595882-3373a0480b5b?w=800&h=600&fit=crop","Garden Gloves - Image 1","https://images.unsplash.com/photo-1416879595882-3373a0480b5b?w=800&h=600&fit=crop","Garden Gloves - Image 2","https://images.unsplash.com/photo-1416879595882-3373a0480b5b?w=800&h=600&fit=crop","Garden Gloves - Image 3"
"Compost Bin","CB-097","Garden & Outdoor","https://images.unsplash.com/photo-1416879595882-3373a0480b5b?w=800&h=600&fit=crop","Compost Bin - Image 1","https://images.unsplash.com/photo-1416879595882-3373a0480b5b?w=800&h=600&fit=crop","Compost Bin - Image 2","https://images.unsplash.com/photo-1416879595882-3373a0480b5b?w=800&h=600&fit=crop","Compost Bin - Image 3"
"Garden Kneeler","GK-098","Garden & Outdoor","https://images.unsplash.com/photo-1416879595882-3373a0480b5b?w=800&h=600&fit=crop","Garden Kneeler - Image 1","https://images.unsplash.com/photo-1416879595882-3373a0480b5b?w=800&h=600&fit=crop","Garden Kneeler - Image 2","https://images.unsplash.com/photo-1416879595882-3373a0480b5b?w=800&h=600&fit=crop","Garden Kneeler - Image 3"
"Watering Can","WC-099","Garden & Outdoor","https://images.unsplash.com/photo-1416879595882-3373a0480b5b?w=800&h=600&fit=crop","Watering Can - Image 1","https://images.unsplash.com/photo-1416879595882-3373a0480b5b?w=800&h=600&fit=crop","Watering Can - Image 2","https://images.unsplash.com/photo-1416879595882-3373a0480b5b?w=800&h=600&fit=crop","Watering Can - Image 3"
"Garden Pruner","GP-100","Garden & Outdoor","https://images.unsplash.com/photo-1416879595882-3373a0480b5b?w=800&h=600&fit=crop","Garden Pruner - Image 1","https://images.unsplash.com/photo-1416879595882-3373a0480b5b?w=800&h=600&fit=crop","Garden Pruner - Image 2","https://images.unsplash.com/photo-1416879595882-3373a0480b5b?w=800&h=600&fit=crop","Garden Pruner - Image 3"